"CountryRegionCode";"Name";"ModifiedDate"
"AD";"Andorra";01/06/1998 00:00:00
"AE";"United Arab Emirates";01/06/1998 00:00:00
"AF";"Afghanistan";01/06/1998 00:00:00
"AG";"Antigua and Barbuda";01/06/1998 00:00:00
"AI";"Anguilla";01/06/1998 00:00:00
"AL";"Albania";01/06/1998 00:00:00
"AM";"Armenia";01/06/1998 00:00:00
"AN";"Netherlands Antilles";01/06/1998 00:00:00
"AO";"Angola";01/06/1998 00:00:00
"AQ";"Antarctica";01/06/1998 00:00:00
"AR";"Argentina";01/06/1998 00:00:00
"AS";"American Samoa";01/06/1998 00:00:00
"AT";"Austria";01/06/1998 00:00:00
"AU";"Australia";01/06/1998 00:00:00
"AW";"Aruba";01/06/1998 00:00:00
"AZ";"Azerbaijan";01/06/1998 00:00:00
"BA";"Bosnia and Herzegovina";01/06/1998 00:00:00
"BB";"Barbados";01/06/1998 00:00:00
"BD";"Bangladesh";01/06/1998 00:00:00
"BE";"Belgium";01/06/1998 00:00:00
"BF";"Burkina Faso";01/06/1998 00:00:00
"BG";"Bulgaria";01/06/1998 00:00:00
"BH";"Bahrain";01/06/1998 00:00:00
"BI";"Burundi";01/06/1998 00:00:00
"BJ";"Benin";01/06/1998 00:00:00
"BM";"Bermuda";01/06/1998 00:00:00
"BN";"Brunei";01/06/1998 00:00:00
"BO";"Bolivia";01/06/1998 00:00:00
"BR";"Brazil";01/06/1998 00:00:00
"BS";"Bahamas, The";01/06/1998 00:00:00
"BT";"Bhutan";01/06/1998 00:00:00
"BV";"Bouvet Island";01/06/1998 00:00:00
"BW";"Botswana";01/06/1998 00:00:00
"BY";"Belarus";01/06/1998 00:00:00
"BZ";"Belize";01/06/1998 00:00:00
"CA";"Canada";01/06/1998 00:00:00
"CC";"Cocos (Keeling) Islands";01/06/1998 00:00:00
"CD";"Congo (DRC)";01/06/1998 00:00:00
"CF";"Central African Republic";01/06/1998 00:00:00
"CG";"Congo";01/06/1998 00:00:00
"CH";"Switzerland";01/06/1998 00:00:00
"CI";"Côte d'Ivoire";01/06/1998 00:00:00
"CK";"Cook Islands";01/06/1998 00:00:00
"CL";"Chile";01/06/1998 00:00:00
"CM";"Cameroon";01/06/1998 00:00:00
"CN";"China";01/06/1998 00:00:00
"CO";"Colombia";01/06/1998 00:00:00
"CR";"Costa Rica";01/06/1998 00:00:00
"CS";"Serbia and Montenegro";01/06/1998 00:00:00
"CU";"Cuba";01/06/1998 00:00:00
"CV";"Cape Verde";01/06/1998 00:00:00
"CX";"Christmas Island";01/06/1998 00:00:00
"CY";"Cyprus";01/06/1998 00:00:00
"CZ";"Czech Republic";01/06/1998 00:00:00
"DE";"Germany";01/06/1998 00:00:00
"DJ";"Djibouti";01/06/1998 00:00:00
"DK";"Denmark";01/06/1998 00:00:00
"DM";"Dominica";01/06/1998 00:00:00
"DO";"Dominican Republic";01/06/1998 00:00:00
"DZ";"Algeria";01/06/1998 00:00:00
"EC";"Ecuador";01/06/1998 00:00:00
"EE";"Estonia";01/06/1998 00:00:00
"EG";"Egypt";01/06/1998 00:00:00
"ER";"Eritrea";01/06/1998 00:00:00
"ES";"Spain";01/06/1998 00:00:00
"ET";"Ethiopia";01/06/1998 00:00:00
"FI";"Finland";01/06/1998 00:00:00
"FJ";"Fiji Islands";01/06/1998 00:00:00
"FK";"Falkland Islands (Islas Malvinas)";01/06/1998 00:00:00
"FM";"Micronesia";01/06/1998 00:00:00
"FO";"Faroe Islands";01/06/1998 00:00:00
"FR";"France";01/06/1998 00:00:00
"GA";"Gabon";01/06/1998 00:00:00
"GB";"United Kingdom";01/06/1998 00:00:00
"GD";"Grenada";01/06/1998 00:00:00
"GE";"Georgia";01/06/1998 00:00:00
"GF";"French Guiana";01/06/1998 00:00:00
"GH";"Ghana";01/06/1998 00:00:00
"GI";"Gibraltar";01/06/1998 00:00:00
"GL";"Greenland";01/06/1998 00:00:00
"GM";"Gambia, The";01/06/1998 00:00:00
"GN";"Guinea";01/06/1998 00:00:00
"GP";"Guadeloupe";01/06/1998 00:00:00
"GQ";"Equatorial Guinea";01/06/1998 00:00:00
"GR";"Greece";01/06/1998 00:00:00
"GS";"South Georgia and the South Sandwich Islands";01/06/1998 00:00:00
"GT";"Guatemala";01/06/1998 00:00:00
"GU";"Guam";01/06/1998 00:00:00
"GW";"Guinea-Bissau";01/06/1998 00:00:00
"GY";"Guyana";01/06/1998 00:00:00
"HK";"Hong Kong SAR";01/06/1998 00:00:00
"HM";"Heard Island and McDonald Islands";01/06/1998 00:00:00
"HN";"Honduras";01/06/1998 00:00:00
"HR";"Croatia";01/06/1998 00:00:00
"HT";"Haiti";01/06/1998 00:00:00
"HU";"Hungary";01/06/1998 00:00:00
"ID";"Indonesia";01/06/1998 00:00:00
"IE";"Ireland";01/06/1998 00:00:00
"IL";"Israel";01/06/1998 00:00:00
"IN";"India";01/06/1998 00:00:00
"IO";"British Indian Ocean Territory";01/06/1998 00:00:00
"IQ";"Iraq";01/06/1998 00:00:00
"IR";"Iran";01/06/1998 00:00:00
"IS";"Iceland";01/06/1998 00:00:00
"IT";"Italy";01/06/1998 00:00:00
"JM";"Jamaica";01/06/1998 00:00:00
"JO";"Jordan";01/06/1998 00:00:00
"JP";"Japan";01/06/1998 00:00:00
"KE";"Kenya";01/06/1998 00:00:00
"KG";"Kyrgyzstan";01/06/1998 00:00:00
"KH";"Cambodia";01/06/1998 00:00:00
"KI";"Kiribati";01/06/1998 00:00:00
"KM";"Comoros";01/06/1998 00:00:00
"KN";"Saint Kitts and Nevis";01/06/1998 00:00:00
"KP";"North Korea";01/06/1998 00:00:00
"KR";"Korea";01/06/1998 00:00:00
"KW";"Kuwait";01/06/1998 00:00:00
"KY";"Cayman Islands";01/06/1998 00:00:00
"KZ";"Kazakhstan";01/06/1998 00:00:00
"LA";"Laos";01/06/1998 00:00:00
"LB";"Lebanon";01/06/1998 00:00:00
"LC";"Saint Lucia";01/06/1998 00:00:00
"LI";"Liechtenstein";01/06/1998 00:00:00
"LK";"Sri Lanka";01/06/1998 00:00:00
"LR";"Liberia";01/06/1998 00:00:00
"LS";"Lesotho";01/06/1998 00:00:00
"LT";"Lithuania";01/06/1998 00:00:00
"LU";"Luxembourg";01/06/1998 00:00:00
"LV";"Latvia";01/06/1998 00:00:00
"LY";"Libya";01/06/1998 00:00:00
"MA";"Morocco";01/06/1998 00:00:00
"MC";"Monaco";01/06/1998 00:00:00
"MD";"Moldova";01/06/1998 00:00:00
"MG";"Madagascar";01/06/1998 00:00:00
"MH";"Marshall Islands";01/06/1998 00:00:00
"MK";"Macedonia, Former Yugoslav Republic of";01/06/1998 00:00:00
"ML";"Mali";01/06/1998 00:00:00
"MM";"Myanmar";01/06/1998 00:00:00
"MN";"Mongolia";01/06/1998 00:00:00
"MO";"Macao SAR";01/06/1998 00:00:00
"MP";"Northern Mariana Islands";01/06/1998 00:00:00
"MQ";"Martinique";01/06/1998 00:00:00
"MR";"Mauritania";01/06/1998 00:00:00
"MS";"Montserrat";01/06/1998 00:00:00
"MT";"Malta";01/06/1998 00:00:00
"MU";"Mauritius";01/06/1998 00:00:00
"MV";"Maldives";01/06/1998 00:00:00
"MW";"Malawi";01/06/1998 00:00:00
"MX";"Mexico";01/06/1998 00:00:00
"MY";"Malaysia";01/06/1998 00:00:00
"MZ";"Mozambique";01/06/1998 00:00:00
"NA";"Namibia";01/06/1998 00:00:00
"NC";"New Caledonia";01/06/1998 00:00:00
"NE";"Niger";01/06/1998 00:00:00
"NF";"Norfolk Island";01/06/1998 00:00:00
"NG";"Nigeria";01/06/1998 00:00:00
"NI";"Nicaragua";01/06/1998 00:00:00
"NL";"Netherlands";01/06/1998 00:00:00
"NO";"Norway";01/06/1998 00:00:00
"NP";"Nepal";01/06/1998 00:00:00
"NR";"Nauru";01/06/1998 00:00:00
"NU";"Niue";01/06/1998 00:00:00
"NZ";"New Zealand";01/06/1998 00:00:00
"OM";"Oman";01/06/1998 00:00:00
"PA";"Panama";01/06/1998 00:00:00
"PE";"Peru";01/06/1998 00:00:00
"PF";"French Polynesia";01/06/1998 00:00:00
"PG";"Papua New Guinea";01/06/1998 00:00:00
"PH";"Philippines";01/06/1998 00:00:00
"PK";"Pakistan";01/06/1998 00:00:00
"PL";"Poland";01/06/1998 00:00:00
"PM";"Saint Pierre and Miquelon";01/06/1998 00:00:00
"PN";"Pitcairn Islands";01/06/1998 00:00:00
"PR";"Puerto Rico";01/06/1998 00:00:00
"PS";"Palestinian Authority";01/06/1998 00:00:00
"PT";"Portugal";01/06/1998 00:00:00
"PW";"Palau";01/06/1998 00:00:00
"PY";"Paraguay";01/06/1998 00:00:00
"QA";"Qatar";01/06/1998 00:00:00
"RE";"Réunion";01/06/1998 00:00:00
"RO";"Romania";01/06/1998 00:00:00
"RU";"Russia";01/06/1998 00:00:00
"RW";"Rwanda";01/06/1998 00:00:00
"SA";"Saudi Arabia";01/06/1998 00:00:00
"SB";"Solomon Islands";01/06/1998 00:00:00
"SC";"Seychelles";01/06/1998 00:00:00
"SD";"Sudan";01/06/1998 00:00:00
"SE";"Sweden";01/06/1998 00:00:00
"SG";"Singapore";01/06/1998 00:00:00
"SH";"Saint Helena";01/06/1998 00:00:00
"SI";"Slovenia";01/06/1998 00:00:00
"SJ";"Svalbard and Jan Mayen";01/06/1998 00:00:00
"SK";"Slovakia";01/06/1998 00:00:00
"SL";"Sierra Leone";01/06/1998 00:00:00
"SM";"San Marino";01/06/1998 00:00:00
"SN";"Senegal";01/06/1998 00:00:00
"SO";"Somalia";01/06/1998 00:00:00
"SR";"Suriname";01/06/1998 00:00:00
"ST";"São Tomé and Príncipe";01/06/1998 00:00:00
"SV";"El Salvador";01/06/1998 00:00:00
"SY";"Syria";01/06/1998 00:00:00
"SZ";"Swaziland";01/06/1998 00:00:00
"TC";"Turks and Caicos Islands";01/06/1998 00:00:00
"TD";"Chad";01/06/1998 00:00:00
"TF";"French Southern and Antarctic Lands";01/06/1998 00:00:00
"TG";"Togo";01/06/1998 00:00:00
"TH";"Thailand";01/06/1998 00:00:00
"TJ";"Tajikistan";01/06/1998 00:00:00
"TK";"Tokelau";01/06/1998 00:00:00
"TL";"Timor-Leste";01/06/1998 00:00:00
"TM";"Turkmenistan";01/06/1998 00:00:00
"TN";"Tunisia";01/06/1998 00:00:00
"TO";"Tonga";01/06/1998 00:00:00
"TR";"Turkey";01/06/1998 00:00:00
"TT";"Trinidad and Tobago";01/06/1998 00:00:00
"TV";"Tuvalu";01/06/1998 00:00:00
"TW";"Taiwan";01/06/1998 00:00:00
"TZ";"Tanzania";01/06/1998 00:00:00
"UA";"Ukraine";01/06/1998 00:00:00
"UG";"Uganda";01/06/1998 00:00:00
"UM";"U.S. Minor Outlying Islands";01/06/1998 00:00:00
"US";"United States";01/06/1998 00:00:00
"UY";"Uruguay";01/06/1998 00:00:00
"UZ";"Uzbekistan";01/06/1998 00:00:00
"VA";"Vatican City";01/06/1998 00:00:00
"VC";"Saint Vincent and the Grenadine";01/06/1998 00:00:00
"VE";"Venezuela";01/06/1998 00:00:00
"VG";"Virgin Islands, British";01/06/1998 00:00:00
"VI";"Virgin Islands, U.S.";01/06/1998 00:00:00
"VN";"Vietnam";01/06/1998 00:00:00
"VU";"Vanuatu";01/06/1998 00:00:00
"WF";"Wallis and Futuna";01/06/1998 00:00:00
"WS";"Samoa";01/06/1998 00:00:00
"YE";"Yemen";01/06/1998 00:00:00
"YT";"Mayotte";01/06/1998 00:00:00
"ZA";"South Africa";01/06/1998 00:00:00
"ZM";"Zambia";01/06/1998 00:00:00
"ZW";"Zimbabwe";01/06/1998 00:00:00
