"IllustrationID";"Diagram";"ModifiedDate"
3;"<!-- Generator: Adobe Illustrator 10.0, SVG Export Plug-In . SVG Version: 3.0.0 Build 76)  --><svg xmlns:x=""http://ns.adobe.com/Extensibility/1.0/"" xmlns:i=""http://ns.adobe.com/AdobeIllustrator/10.0/"" xmlns:graph=""http://ns.adobe.com/Graphs/1.0/"" xmlns=""http://www.w3.org/2000/svg"" xmlns:xlink=""http://www.w3.org/1999/xlink"" xmlns:a=""http://ns.adobe.com/AdobeSVGViewerExtensions/3.0/"" i:viewOrigin=""214.4697 370.1387"" i:rulerOrigin=""0 0"" i:pageBounds=""0 612 792 0"" width=""273.042"" height=""150.422"" viewBox=""0 0 273.042 150.422"" overflow=""visible"" enable-background=""new 0 0 273.042 150.422"" xml:space=""preserve"">
&#x09;<style type=""text/css"">
	
@font-face{font-family:'Verdana';src:url(""data:;base64,\
T1RUTwACACAAAQAAQ0ZGIBZHOskAAAAsAAACk2NtYXD/1wBpAAACwAAAACwBAAQCAAEBAQhWZXJk\
YW5hAAEBATP4GwH4GAQl/DscC5McCAEFHqAASIKBJf+Lix6gAEiCgSX/i4sMB/cRD4wQ9xURk/kf\
EgABAQEwVmVyZGFuYSBpcyBhIHRyYWRlbWFyayBvZiBNaWNyb3NvZnQgQ29ycG9yYXRpb24AAAEA\
EgMABQIAAQAgAFIA2AHRAfwg95QWHAYAHAYAHPoABxz6gPcUFRwFABwFABz7AAYO+tAW/br3LPfK\
+nr7yvccBrW4j5K7H7uSr5WkmKqco6CdpZykla6Otgj3Lxz6wvfEBg4cBJEW/oT3ZQbRx9HH0sfR\
x8zHyMb3FPcQ4+661Ai61KPZ4BrYcshYtx62WEOhMBtOSoB2RB9EdkZqSF8IgfdmBrqiy6Hangie\
2teV1Rv3LfcLZkLiH+JBtif7EhpShFd9Wh58WnZcb19xYm1iaGNoY2BfWVpERUFHP0o/SUROSVMI\
+bUGDvqi+WEVq26lZ6BgCKBglVNGGkd/TXJSHnJSaVpeYVlcUGlIdQh0R0GAOhs4OpWfOx87nkmh\
WKII92WaB8RmzWzYcghy2NV/0hu1uJKZuh+6mbKgqKaqqKKsmq4Imq6SuMEawIO4eq4eeq5zpm2f\
baBnmWCTCJJgXY9aGzH3OtEG8Nygtsgfx7Wpydwar4OrfKYefKZ1oXCcbpxtl2qSCJJqZo5iG0xH\
gHREH0R0R2tMYgiB92UGuqLLodqfCJ7a15XVG9TLhH7CH8J+vXW4brtrr2SkXgikXpdWTho4bkNR\
Th5QTUZkPHsIfQerhrCAtHq0eq51qHIIDhwEs/g3Fftx/Df7VPg3/V33egb5ZfncBfdM/iL3cQb8\
MRb5NAf81f00BQ4cBRYUHAhrFQAAAAABAAAAAwAAAAwABAAgAAAABAAEAAEAAAA0//8AAAAx////\
0AABAAAAAA=="")}
	
	</style>
&#x09;<metadata>
	&#x09;<variableSets xmlns=""http://ns.adobe.com/Variables/1.0/"">
		&#x09;<variableSet varSetName=""binding1"" locked=""none"">
			&#x09;<variables/>
			&#x09;<v:sampleDataSets xmlns=""http://ns.adobe.com/GenericCustomNamespace/1.0/"" xmlns:v=""http://ns.adobe.com/Variables/1.0/""/>
		&#x09;</variableSet>
	&#x09;</variableSets>
	&#x09;<sfw xmlns=""http://ns.adobe.com/SaveForWeb/1.0/"">
		&#x09;<slices/>
		&#x09;<sliceSourceBounds y=""219.717"" x=""214.47"" width=""273.042"" height=""150.422"" bottomLeftOrigin=""true""/>
	&#x09;</sfw>
&#x09;</metadata>
&#x09;<g id=""Layer_1"" i:layer=""yes"" i:dimmedPercent=""50"" i:rgbTrio=""#4F008000FFFF"">
	&#x09;<linearGradient id=""XMLID_1_"" gradientUnits=""userSpaceOnUse"" x1=""139.8989"" y1=""94.6309"" x2=""230.3369"" y2=""94.6309"">
		&#x09;<stop offset=""0"" style=""stop-color:#FFFFFF""/>
		&#x09;<stop offset=""0.4039"" style=""stop-color:#A1A1A1""/>
		&#x09;<stop offset=""0.7709"" style=""stop-color:#525252""/>
		&#x09;<stop offset=""0.9382"" style=""stop-color:#333333""/>
		&#x09;<a:midPointStop offset=""0"" style=""stop-color:#FFFFFF""/>
		&#x09;<a:midPointStop offset=""0.4699"" style=""stop-color:#FFFFFF""/>
		&#x09;<a:midPointStop offset=""0.9382"" style=""stop-color:#333333""/>
	&#x09;</linearGradient>
	&#x09;<path i:knockout=""Off"" fill=""url(#XMLID_1_)"" stroke=""#000000"" stroke-width=""0.5732"" d=""M223.434,120.419h1.671    c0,0,5.79-0.892,5.232,2.227l-0.557,7.238l-10.742,3.883c0,0-8.129,4.788-3.563-1.56l10.074-3.882c0,0,1.559-3.453-2.45-2.005    l-3.342,0.893l-79.859,18.892l4.495-10.686l73.248-12.216l-0.222-1.894l-68.371-73.555l0.568-4.599L223.434,120.419z""/>
	&#x09;<path i:knockout=""Off"" fill=""#FFFFFF"" stroke=""#000000"" stroke-width=""1.0953"" d=""M159.974,103.98    c-1.577,5.642-10.499,8.078-19.927,5.441c-9.427-2.637-15.792-9.347-14.215-14.987c1.578-5.642,10.499-8.079,19.927-5.442    C155.187,91.629,161.552,98.339,159.974,103.98z""/>
		
		&#x09;<radialGradient id=""XMLID_2_"" cx=""136.2178"" cy=""121.1855"" r=""26.2052"" fx=""136.2178"" fy=""121.1855"" gradientUnits=""userSpaceOnUse"">
		&#x09;<stop offset=""0"" style=""stop-color:#FFFFFF""/>
		&#x09;<stop offset=""0.9382"" style=""stop-color:#CCCCCC""/>
		&#x09;<a:midPointStop offset=""0"" style=""stop-color:#FFFFFF""/>
		&#x09;<a:midPointStop offset=""0.4819"" style=""stop-color:#FFFFFF""/>
		&#x09;<a:midPointStop offset=""0.9382"" style=""stop-color:#CCCCCC""/>
	&#x09;</radialGradient>
	&#x09;<path i:knockout=""Off"" fill=""url(#XMLID_2_)"" stroke=""#000000"" stroke-width=""1.0953"" d=""M159.648,104.908l-20.219,42.176    l0.115-0.299c-3.304,3.588-7.343,4.074-15.036,1.923c-8.037-2.247-11.161-6.677-11.723-11.66l0.055,0.395l13.913-44.971""/>
	&#x09;<path i:knockout=""Off"" fill=""#FFFFFF"" stroke=""#000000"" stroke-width=""0.7906"" d=""M0.395,67.552    c1.274-4.03,7.77-5.572,14.507-3.44c6.737,2.13,11.165,7.125,9.89,11.158c-1.275,4.031-7.771,5.572-14.507,3.44    C3.547,76.58-0.881,71.584,0.395,67.552z""/>
	&#x09;<radialGradient id=""XMLID_3_"" cx=""16.7046"" cy=""57.8271"" r=""17.4989"" fx=""16.7046"" fy=""57.8271"" gradientUnits=""userSpaceOnUse"">
		&#x09;<stop offset=""0"" style=""stop-color:#FFFFFF""/>
		&#x09;<stop offset=""0.1596"" style=""stop-color:#F9F9F9""/>
		&#x09;<stop offset=""0.3622"" style=""stop-color:#EAEAEA""/>
		&#x09;<stop offset=""0.588"" style=""stop-color:#D0D0D0""/>
		&#x09;<stop offset=""0.8292"" style=""stop-color:#ACACAC""/>
		&#x09;<stop offset=""0.9382"" style=""stop-color:#999999""/>
		&#x09;<a:midPointStop offset=""0"" style=""stop-color:#FFFFFF""/>
		&#x09;<a:midPointStop offset=""0.6566"" style=""stop-color:#FFFFFF""/>
		&#x09;<a:midPointStop offset=""0.9382"" style=""stop-color:#999999""/>
	&#x09;</radialGradient>
	&#x09;<path i:knockout=""Off"" fill=""url(#XMLID_3_)"" stroke=""#000000"" stroke-width=""0.7906"" d=""M0.651,66.893l13.129-26.009    l-0.091,0.214c2.472-2.511,5.397-2.762,10.894-1.021c5.743,1.815,7.889,5.087,8.174,8.694l-0.03-0.284L24.08,76.661""/>
	&#x09;<path i:knockout=""Off"" fill=""#999999"" stroke=""#000000"" stroke-width=""0.677"" d=""M1.7,68.191    c1.053-3.326,6.756-4.491,12.743-2.599c5.985,1.894,9.984,6.125,8.932,9.453c-1.053,3.327-6.758,4.49-12.743,2.598    C4.646,75.749,0.646,71.52,1.7,68.191z""/>
	&#x09;<path i:knockout=""Off"" fill=""#CCCCCC"" stroke=""#000000"" stroke-width=""1.0953"" d=""M25.035,73.552l91.3,52.599L25.035,73.552z""/>
	&#x09;<path i:knockout=""Off"" fill=""none"" stroke=""#000000"" stroke-width=""1.0953"" d=""M27.475,65.602l92.109,50.048""/>
	&#x09;<path i:knockout=""Off"" fill=""none"" stroke=""#000000"" stroke-width=""0.5939"" d=""M137.537,87.94l8.16-78.14""/>
	&#x09;<path i:knockout=""Off"" fill=""none"" stroke=""#000000"" stroke-width=""0.5939"" d=""M144.698,88.716l8.249-77.665""/>
	&#x09;<path i:knockout=""Off"" fill=""none"" stroke=""#000000"" stroke-width=""0.5939"" d=""M31.246,53.313l110.889-8.941""/>
	&#x09;<path i:knockout=""Off"" fill=""none"" stroke=""#000000"" stroke-width=""0.5939"" d=""M29.21,58.742l112.464-10.6""/>
	&#x09;<linearGradient id=""XMLID_4_"" gradientUnits=""userSpaceOnUse"" x1=""149.8164"" y1=""79.248"" x2=""272.6143"" y2=""79.248"">
		&#x09;<stop offset=""0"" style=""stop-color:#FFFFFF""/>
		&#x09;<stop offset=""0.1668"" style=""stop-color:#FAFAFA""/>
		&#x09;<stop offset=""0.3618"" style=""stop-color:#ECECEC""/>
		&#x09;<stop offset=""0.5709"" style=""stop-color:#D4D4D4""/>
		&#x09;<stop offset=""0.7884"" style=""stop-color:#B4B4B4""/>
		&#x09;<stop offset=""0.9382"" style=""stop-color:#999999""/>
		&#x09;<a:midPointStop offset=""0"" style=""stop-color:#FFFFFF""/>
		&#x09;<a:midPointStop offset=""0.6747"" style=""stop-color:#FFFFFF""/>
		&#x09;<a:midPointStop offset=""0.9382"" style=""stop-color:#999999""/>
	&#x09;</linearGradient>
	&#x09;<path i:knockout=""Off"" fill=""url(#XMLID_4_)"" stroke=""#000000"" stroke-width=""0.8578"" d=""M262.28,81.717h2.5    c0,0,8.666-1.334,7.834,3.333l-0.834,10.834l-15.697,5.258c0,0-12.166,7.166-5.332-2.334l14.697-5.258c0,0,2.332-5.167-3.668-3    l-5,1.334l-105.699,30.896l7.866-17.395l94.667-19.501l-0.334-2.834L149.816,42.105l0.798-6.389L262.28,81.717z""/>
	&#x09;<path i:knockout=""Off"" fill=""#FFFFFF"" stroke=""#FFFFFF"" stroke-width=""0.5939"" d=""M151.055,40.641    c0,0.509-0.413,0.921-0.921,0.921c-0.508,0-0.921-0.412-0.921-0.921V37.5c0-0.509,0.413-0.921,0.921-0.921    c0.509,0,0.921,0.412,0.921,0.921V40.641z""/>
	&#x09;<g i:knockout=""On"" a:adobe-knockout=""true"">
		&#x09;<path i:knockout=""Off"" fill=""none"" stroke=""#000000"" stroke-width=""0.8578"" a:adobe-knockout=""false"" d=""M108.638,127.707     l-52,15""/>
		&#x09;<path i:knockout=""Off"" fill=""#666666"" stroke=""#000000"" a:adobe-knockout=""false"" d=""M114.457,126.028l-7.234,5.716l0.98-3.911     l-2.913-2.789L114.457,126.028z""/>
	&#x09;</g>
	&#x09;<g i:knockout=""On"" a:adobe-knockout=""true"">
		&#x09;<path i:knockout=""Off"" fill=""none"" stroke=""#000000"" stroke-width=""0.8578"" a:adobe-knockout=""false"" d=""M155.8,86.03     l62.167-72.231""/>
		&#x09;<path i:knockout=""Off"" fill=""#666666"" stroke=""#000000"" a:adobe-knockout=""false"" d=""M153.891,88.329l3.18-8.654l1.209,3.847     l3.941,0.854L153.891,88.329z""/>
	&#x09;</g>
	&#x09;<switch i:knockout=""Off"" i:objectNS=""http://ns.adobe.com/Flows/1.0/"" i:objectType=""pointText"">
		&#x09;<foreignObject requiredExtensions=""http://ns.adobe.com/Flows/1.0/"" x=""0"" y=""0"" width=""1"" height=""1"" overflow=""visible"">
			&#x09;<flowDef xmlns=""http://ns.adobe.com/Flows/1.0/"">
				&#x09;<region>
					&#x09;<path d=""M51.119,146.639""/>
				&#x09;</region>
				&#x09;<flow xmlns=""http://ns.adobe.com/Flows/1.0/"" font-family=""'Verdana'"" font-size=""11"">
					&#x09;<p><span>3</span></p>
				&#x09;</flow>
			&#x09;</flowDef>
			&#x09;<x:targetRef xlink:href=""#XMLID_5_""/>
		&#x09;</foreignObject>
		&#x09;<text id=""XMLID_5_"" transform=""matrix(1 0 0 1 51.1191 146.6387)""><tspan x=""0"" y=""0"" font-family=""'Verdana'"" font-size=""11"">3</tspan></text>
	&#x09;</switch>
	&#x09;<switch i:knockout=""Off"" i:objectNS=""http://ns.adobe.com/Flows/1.0/"" i:objectType=""pointText"">
		&#x09;<foreignObject requiredExtensions=""http://ns.adobe.com/Flows/1.0/"" x=""0"" y=""0"" width=""1"" height=""1"" overflow=""visible"">
			&#x09;<flowDef xmlns=""http://ns.adobe.com/Flows/1.0/"">
				&#x09;<region>
					&#x09;<path d=""M219.239,11.5""/>
				&#x09;</region>
				&#x09;<flow xmlns=""http://ns.adobe.com/Flows/1.0/"" font-family=""'Verdana'"" font-size=""11"">
					&#x09;<p><span>1</span></p>
				&#x09;</flow>
			&#x09;</flowDef>
			&#x09;<x:targetRef xlink:href=""#XMLID_6_""/>
		&#x09;</foreignObject>
		&#x09;<text id=""XMLID_6_"" transform=""matrix(1 0 0 1 219.2393 11.5)""><tspan x=""0"" y=""0"" font-family=""'Verdana'"" font-size=""11"">1</tspan></text>
	&#x09;</switch>
	&#x09;<path i:knockout=""Off"" fill=""none"" stroke=""#CCCCCC"" stroke-width=""4"" d=""M258.177,89.007""/>
	&#x09;<path i:knockout=""Off"" fill=""none"" stroke=""#CCCCCC"" stroke-width=""4"" d=""M156.719,117.553""/>
	&#x09;<path i:knockout=""Off"" fill=""none"" stroke=""#FFFFFF"" stroke-width=""2.2304"" d=""M158.28,103.183    c-1.531,5.478-9.952,7.911-18.808,5.436c-8.855-2.478-14.793-8.923-13.261-14.402c1.531-5.476,9.951-7.908,18.808-5.431    C153.874,91.261,159.813,97.705,158.28,103.183z""/>
	&#x09;<path i:knockout=""Off"" fill=""#CCCCCC"" stroke=""#000000"" stroke-width=""0.9379"" d=""M158.137,103.156    c-1.302,4.656-9.146,6.534-17.522,4.192c-8.375-2.343-14.11-8.016-12.808-12.673c1.302-4.656,9.147-6.532,17.523-4.189    C153.705,92.828,159.44,98.499,158.137,103.156z""/>
	&#x09;<path i:knockout=""Off"" fill=""none"" stroke=""#FFFFFF"" stroke-width=""0.677"" d=""M0.934,68.874c1.053-3.326,6.756-4.491,12.743-2.599    c5.985,1.894,9.984,6.125,8.932,9.453c-1.053,3.327-6.758,4.49-12.743,2.598C3.88,76.432-0.12,72.202,0.934,68.874z""/>
	&#x09;<g i:knockout=""On"" a:adobe-knockout=""true"">
		&#x09;<path i:knockout=""Off"" fill=""none"" stroke=""#000000"" stroke-width=""0.8578"" a:adobe-knockout=""false"" d=""M37.684,46.513     l22.399-24.31""/>
		&#x09;<path i:knockout=""Off"" fill=""#666666"" stroke=""#000000"" a:adobe-knockout=""false"" d=""M33.6,50.986l3.18-8.654l1.209,3.847     l3.94,0.854L33.6,50.986z""/>
	&#x09;</g>
	&#x09;<switch i:knockout=""Off"" i:objectNS=""http://ns.adobe.com/Flows/1.0/"" i:objectType=""pointText"">
		&#x09;<foreignObject requiredExtensions=""http://ns.adobe.com/Flows/1.0/"" x=""0"" y=""0"" width=""1"" height=""1"" overflow=""visible"">
			&#x09;<flowDef xmlns=""http://ns.adobe.com/Flows/1.0/"">
				&#x09;<region>
					&#x09;<path d=""M58.682,20.989""/>
				&#x09;</region>
				&#x09;<flow xmlns=""http://ns.adobe.com/Flows/1.0/"" font-family=""'Verdana'"" font-size=""11"">
					&#x09;<p><span>4</span></p>
				&#x09;</flow>
			&#x09;</flowDef>
			&#x09;<x:targetRef xlink:href=""#XMLID_7_""/>
		&#x09;</foreignObject>
		&#x09;<text id=""XMLID_7_"" transform=""matrix(1 0 0 1 58.6821 20.9893)""><tspan x=""0"" y=""0"" font-family=""'Verdana'"" font-size=""11"">4</tspan></text>
	&#x09;</switch>
	&#x09;<g i:knockout=""On"" a:adobe-knockout=""true"">
		&#x09;<g i:knockout=""On"">
			&#x09;<path i:knockout=""Off"" fill=""none"" stroke=""#000000"" stroke-width=""0.8578"" a:adobe-knockout=""false"" d=""M157.534,31.801      l61.489-18.316""/>
			&#x09;<path i:knockout=""Off"" fill=""#666666"" stroke=""#000000"" a:adobe-knockout=""false"" d=""M151.729,33.53l7.185-5.779l-0.946,3.921      l2.937,2.763L151.729,33.53z""/>
		&#x09;</g>
	&#x09;</g>
	&#x09;<g i:knockout=""On"" a:adobe-knockout=""true"">
		&#x09;<path i:knockout=""Off"" fill=""none"" stroke=""#000000"" a:adobe-knockout=""false"" d=""M136.781,37.884l-19-25""/>
		&#x09;<path i:knockout=""Off"" a:adobe-knockout=""false"" d=""M141.053,43.505l-9.256-5.462l4.665-0.579l1.807-4.34L141.053,43.505z""/>
	&#x09;</g>
	&#x09;<switch i:knockout=""Off"" i:objectNS=""http://ns.adobe.com/Flows/1.0/"" i:objectType=""pointText"">
		&#x09;<foreignObject requiredExtensions=""http://ns.adobe.com/Flows/1.0/"" x=""0"" y=""0"" width=""1"" height=""1"" overflow=""visible"">
			&#x09;<flowDef xmlns=""http://ns.adobe.com/Flows/1.0/"">
				&#x09;<region>
					&#x09;<path d=""M113.989,11""/>
				&#x09;</region>
				&#x09;<flow xmlns=""http://ns.adobe.com/Flows/1.0/"" font-family=""'Verdana'"" font-size=""11"">
					&#x09;<p><span>2</span></p>
				&#x09;</flow>
			&#x09;</flowDef>
			&#x09;<x:targetRef xlink:href=""#XMLID_8_""/>
		&#x09;</foreignObject>
		&#x09;<text id=""XMLID_8_"" transform=""matrix(1 0 0 1 113.9888 11)""><tspan x=""0"" y=""0"" font-family=""'Verdana'"" font-size=""11"">2</tspan></text>
	&#x09;</switch>
&#x09;</g>&#x0A;</svg>";10/02/2004 13:06:11
4;"<!-- Generator: Adobe Illustrator 10.0, SVG Export Plug-In . SVG Version: 3.0.0 Build 76)  --><svg xmlns:x=""http://ns.adobe.com/Extensibility/1.0/"" xmlns:i=""http://ns.adobe.com/AdobeIllustrator/10.0/"" xmlns:graph=""http://ns.adobe.com/Graphs/1.0/"" xmlns=""http://www.w3.org/2000/svg"" xmlns:xlink=""http://www.w3.org/1999/xlink"" xmlns:a=""http://ns.adobe.com/AdobeSVGViewerExtensions/3.0/"" i:viewOrigin=""293.4033 473.498"" i:rulerOrigin=""0 0"" i:pageBounds=""0 612 792 0"" width=""173.877"" height=""312.994"" viewBox=""0 0 173.877 312.994"" overflow=""visible"" enable-background=""new 0 0 173.877 312.994"" xml:space=""preserve"">
&#x09;<style type=""text/css"">
	
@font-face{font-family:'Verdana';src:url(""data:;base64,\
T1RUTwACACAAAQAAQ0ZGIM0VZuAAAAAsAAACZmNtYXD/1wBoAAAClAAAACwBAAQCAAEBAQhWZXJk\
YW5hAAEBATP4GwH4GAQl/DscC5McCAEFHqAASIKBJf+Lix6gAEiCgSX/i4sMB/cRD4wQ9xURk/jy\
EgABAQEwVmVyZGFuYSBpcyBhIHRyYWRlbWFyayBvZiBNaWNyb3NvZnQgQ29ycG9yYXRpb24AAAEA\
EgIABAIAAQAgAFIA2AHRIPeUFhwGABwGABz6AAcc+oD3FBUcBQAcBQAc+wAGDvrQFv269yz3yvp6\
+8r3HAa1uI+Sux+7kq+VpJiqnKOgnaWcpJWujrYI9y8c+sL3xAYOHASRFv6E92UG0cfRx9LH0cfM\
x8jG9xT3EOPuutQIutSj2eAa2HLIWLcetlhDoTAbTkqAdkQfRHZGakhfCIH3Zga6osuh2p4IntrX\
ldUb9y33C2ZC4h/iQbYn+xIaUoRXfVoefFp2XG9fcWJtYmhjaGNgX1laREVBRz9KP0lETklTCPm1\
Bg76ovlhFatupWegYAigYJVTRhpHf01yUh5yUmlaXmFZXFBpSHUIdEdBgDobODqVnzsfO55JoVii\
CPdlmgfEZs1s2HIIctjVf9IbtbiSmbofupmyoKimqqiirJquCJqukrjBGsCDuHquHnquc6Ztn22g\
Z5lgkwiSYF2PWhsx9zrRBvDcoLbIH8e1qcncGq+Dq3ymHnymdaFwnG6cbZdqkgiSamaOYhtMR4B0\
RB9EdEdrTGIIgfdlBrqiy6Hanwie2teV1RvUy4R+wh/Cfr11uG67a69kpF4IpF6XVk4aOG5DUU4e\
UE1GZDx7CH0Hq4awgLR6tHqudahyCA4cBRYUHAhrFQAAAAAAAQAAAAMAAAAMAAQAIAAAAAQABAAB\
AAAAM///AAAAMf///9AAAQAAAAA="")}
	
	</style>
&#x09;<metadata>
	&#x09;<variableSets xmlns=""http://ns.adobe.com/Variables/1.0/"">
		&#x09;<variableSet varSetName=""binding1"" locked=""none"">
			&#x09;<variables/>
			&#x09;<v:sampleDataSets xmlns=""http://ns.adobe.com/GenericCustomNamespace/1.0/"" xmlns:v=""http://ns.adobe.com/Variables/1.0/""/>
		&#x09;</variableSet>
	&#x09;</variableSets>
	&#x09;<sfw xmlns=""http://ns.adobe.com/SaveForWeb/1.0/"">
		&#x09;<slices/>
		&#x09;<sliceSourceBounds y=""160.503"" x=""293.403"" width=""173.877"" height=""312.995"" bottomLeftOrigin=""true""/>
	&#x09;</sfw>
&#x09;</metadata>
&#x09;<g id=""Layer_1"" i:layer=""yes"" i:dimmedPercent=""50"" i:rgbTrio=""#4F008000FFFF"">
	&#x09;<path i:knockout=""Off"" fill=""#666666"" stroke=""#666666"" stroke-width=""0.5"" d=""M111.05,46.655l3.476,1.854l-1.854,4.402    l-2.978-1.537L111.05,46.655z""/>
	&#x09;<path i:knockout=""Off"" fill=""none"" stroke=""#999999"" stroke-width=""1.2026"" d=""M155.381,314.981""/>
	&#x09;<linearGradient id=""XMLID_1_"" gradientUnits=""userSpaceOnUse"" x1=""87.6426"" y1=""198.2422"" x2=""164.1318"" y2=""198.2422"">
		&#x09;<stop offset=""0"" style=""stop-color:#FFFFFF""/>
		&#x09;<stop offset=""0.2588"" style=""stop-color:#FDFDFD""/>
		&#x09;<stop offset=""0.3962"" style=""stop-color:#F5F5F5""/>
		&#x09;<stop offset=""0.5051"" style=""stop-color:#E7E7E7""/>
		&#x09;<stop offset=""0.5991"" style=""stop-color:#D4D4D4""/>
		&#x09;<stop offset=""0.6834"" style=""stop-color:#BBBBBB""/>
		&#x09;<stop offset=""0.761"" style=""stop-color:#9C9C9C""/>
		&#x09;<stop offset=""0.8332"" style=""stop-color:#787878""/>
		&#x09;<stop offset=""0.9013"" style=""stop-color:#4D4D4D""/>
		&#x09;<stop offset=""0.9637"" style=""stop-color:#1E1E1E""/>
		&#x09;<stop offset=""1"" style=""stop-color:#000000""/>
		&#x09;<a:midPointStop offset=""0"" style=""stop-color:#FFFFFF""/>
		&#x09;<a:midPointStop offset=""0.8192"" style=""stop-color:#FFFFFF""/>
		&#x09;<a:midPointStop offset=""1"" style=""stop-color:#000000""/>
	&#x09;</linearGradient>
	&#x09;<path i:knockout=""Off"" fill=""url(#XMLID_1_)"" stroke=""#000000"" d=""M88.621,132.691c0,0,0.922,3.214-0.591-2.061    c-1.188-4.144,0.472-4.212,3.111-4.969c2.637-0.757,25.685-6.956,29.345-8.412c3.659-1.458,4.576,0.317,5.333,2.956    c0.757,2.637,0.386,1.349,0.386,1.349l-4.035,1.567l41.962,141.594l-2.637,3.609l1.514,5.275l-21.479,6.158l-1.62-5.652    l-5.01-1.825L93.264,131.816L88.621,132.691z""/>
	&#x09;<g>
			
			&#x09;<radialGradient id=""XMLID_2_"" cx=""154.2422"" cy=""283.8721"" r=""10.5824"" fx=""154.2422"" fy=""283.8721"" gradientUnits=""userSpaceOnUse"">
			&#x09;<stop offset=""0"" style=""stop-color:#FFFFFF""/>
			&#x09;<stop offset=""0.133"" style=""stop-color:#FBFBFB""/>
			&#x09;<stop offset=""0.2596"" style=""stop-color:#F0F0F0""/>
			&#x09;<stop offset=""0.3835"" style=""stop-color:#DDDDDD""/>
			&#x09;<stop offset=""0.5059"" style=""stop-color:#C2C2C2""/>
			&#x09;<stop offset=""0.6273"" style=""stop-color:#9F9F9F""/>
			&#x09;<stop offset=""0.7478"" style=""stop-color:#747474""/>
			&#x09;<stop offset=""0.8676"" style=""stop-color:#414141""/>
			&#x09;<stop offset=""0.9841"" style=""stop-color:#0D0D0D""/>
			&#x09;<stop offset=""1"" style=""stop-color:#000000""/>
			&#x09;<a:midPointStop offset=""0"" style=""stop-color:#FFFFFF""/>
			&#x09;<a:midPointStop offset=""0.7175"" style=""stop-color:#FFFFFF""/>
			&#x09;<a:midPointStop offset=""1"" style=""stop-color:#000000""/>
		&#x09;</radialGradient>
		&#x09;<path i:knockout=""Off"" fill=""url(#XMLID_2_)"" stroke=""#000000"" d=""M146.115,281.005l12.243-3.508     c3.878-1.112,7.963-1.081,9.123,2.959c1.157,4.038-2.229,4.461-6.109,5.572l-12.241,3.512c-3.879,1.112-6.784,2.492-7.941-1.548     C140.029,283.953,142.237,282.118,146.115,281.005z""/>
	&#x09;</g>
	&#x09;<g>
		&#x09;<path i:knockout=""Off"" fill=""#FFFFFF"" d=""M118.932,202.714l-14.865-69.851l39.481,132.921l-3.434,1.951L118.932,202.714z""/>
	&#x09;</g>
	&#x09;<g>
			
			&#x09;<radialGradient id=""XMLID_3_"" cx=""156.9766"" cy=""294.6572"" r=""10.5818"" fx=""156.9766"" fy=""294.6572"" gradientUnits=""userSpaceOnUse"">
			&#x09;<stop offset=""0"" style=""stop-color:#FFFFFF""/>
			&#x09;<stop offset=""0.133"" style=""stop-color:#FBFBFB""/>
			&#x09;<stop offset=""0.2596"" style=""stop-color:#F0F0F0""/>
			&#x09;<stop offset=""0.3835"" style=""stop-color:#DDDDDD""/>
			&#x09;<stop offset=""0.5059"" style=""stop-color:#C2C2C2""/>
			&#x09;<stop offset=""0.6273"" style=""stop-color:#9F9F9F""/>
			&#x09;<stop offset=""0.7478"" style=""stop-color:#747474""/>
			&#x09;<stop offset=""0.8676"" style=""stop-color:#414141""/>
			&#x09;<stop offset=""0.9841"" style=""stop-color:#0D0D0D""/>
			&#x09;<stop offset=""1"" style=""stop-color:#000000""/>
			&#x09;<a:midPointStop offset=""0"" style=""stop-color:#FFFFFF""/>
			&#x09;<a:midPointStop offset=""0.7175"" style=""stop-color:#FFFFFF""/>
			&#x09;<a:midPointStop offset=""1"" style=""stop-color:#000000""/>
		&#x09;</radialGradient>
		&#x09;<path i:knockout=""Off"" fill=""url(#XMLID_3_)"" stroke=""#000000"" d=""M148.849,291.791l12.243-3.509     c3.878-1.112,7.963-1.081,9.123,2.959c1.157,4.038-2.229,4.461-6.109,5.573l-12.241,3.511c-3.879,1.112-6.784,2.492-7.941-1.547     C142.763,294.738,144.971,292.904,148.849,291.791z""/>
	&#x09;</g>
	&#x09;<g>
			
			&#x09;<radialGradient id=""XMLID_4_"" cx=""160.0586"" cy=""305.6807"" r=""10.5824"" fx=""160.0586"" fy=""305.6807"" gradientUnits=""userSpaceOnUse"">
			&#x09;<stop offset=""0"" style=""stop-color:#FFFFFF""/>
			&#x09;<stop offset=""0.133"" style=""stop-color:#FBFBFB""/>
			&#x09;<stop offset=""0.2596"" style=""stop-color:#F0F0F0""/>
			&#x09;<stop offset=""0.3835"" style=""stop-color:#DDDDDD""/>
			&#x09;<stop offset=""0.5059"" style=""stop-color:#C2C2C2""/>
			&#x09;<stop offset=""0.6273"" style=""stop-color:#9F9F9F""/>
			&#x09;<stop offset=""0.7478"" style=""stop-color:#747474""/>
			&#x09;<stop offset=""0.8676"" style=""stop-color:#414141""/>
			&#x09;<stop offset=""0.9841"" style=""stop-color:#0D0D0D""/>
			&#x09;<stop offset=""1"" style=""stop-color:#000000""/>
			&#x09;<a:midPointStop offset=""0"" style=""stop-color:#FFFFFF""/>
			&#x09;<a:midPointStop offset=""0.7175"" style=""stop-color:#FFFFFF""/>
			&#x09;<a:midPointStop offset=""1"" style=""stop-color:#000000""/>
		&#x09;</radialGradient>
		&#x09;<path i:knockout=""Off"" fill=""url(#XMLID_4_)"" stroke=""#000000"" d=""M151.931,302.814l12.244-3.509     c3.878-1.111,7.963-1.08,9.123,2.959c1.157,4.039-2.229,4.462-6.11,5.573l-12.24,3.512c-3.88,1.111-6.785,2.492-7.941-1.548     C145.846,305.763,148.054,303.928,151.931,302.814z""/>
	&#x09;</g>
	&#x09;<g>
		&#x09;<linearGradient id=""XMLID_5_"" gradientUnits=""userSpaceOnUse"" x1=""126.5293"" y1=""184.7197"" x2=""126.5293"" y2=""184.7197"">
			&#x09;<stop offset=""0"" style=""stop-color:#FFFFFF""/>
			&#x09;<stop offset=""0.2588"" style=""stop-color:#FDFDFD""/>
			&#x09;<stop offset=""0.3962"" style=""stop-color:#F5F5F5""/>
			&#x09;<stop offset=""0.5051"" style=""stop-color:#E7E7E7""/>
			&#x09;<stop offset=""0.5991"" style=""stop-color:#D4D4D4""/>
			&#x09;<stop offset=""0.6834"" style=""stop-color:#BBBBBB""/>
			&#x09;<stop offset=""0.761"" style=""stop-color:#9C9C9C""/>
			&#x09;<stop offset=""0.8332"" style=""stop-color:#787878""/>
			&#x09;<stop offset=""0.9013"" style=""stop-color:#4D4D4D""/>
			&#x09;<stop offset=""0.9637"" style=""stop-color:#1E1E1E""/>
			&#x09;<stop offset=""1"" style=""stop-color:#000000""/>
			&#x09;<a:midPointStop offset=""0"" style=""stop-color:#FFFFFF""/>
			&#x09;<a:midPointStop offset=""0.8192"" style=""stop-color:#FFFFFF""/>
			&#x09;<a:midPointStop offset=""1"" style=""stop-color:#000000""/>
		&#x09;</linearGradient>
		&#x09;<path i:knockout=""Off"" fill=""url(#XMLID_5_)"" stroke=""#000000"" d=""M126.529,184.72""/>
		&#x09;<path i:knockout=""Off"" fill=""#FFFFFF"" stroke=""#000000"" d=""M126.57,206.035l-4.514,1.204L81.418,62.449l-0.179-0.099     c1.774-0.51,10.197-2.54,12.662-3.521c2.464-0.981,11.138-21.45,12.354-22.842c6.822-7.812,4.179-9.72-1.255,12.897l-2.645,9.546     l24.448,103.784l-0.375-0.881c0,0-6.874-6.11-0.765,43.912L126.57,206.035z""/>
	&#x09;</g>
	&#x09;<path i:knockout=""Off"" fill=""#FFFFFF"" stroke=""#000000"" d=""M92.844,56.861l-9.662,2.632l-1.33-4.884l9.662-2.633L92.844,56.861z""/>
	&#x09;<path i:knockout=""Off"" fill=""none"" stroke=""#000000"" d=""M93.737,52.647l0.937,3.75""/>
	&#x09;<path i:knockout=""Off"" fill=""none"" stroke=""#000000"" d=""M80.495,56.298l0.844,3.75""/>
	&#x09;<path i:knockout=""Off"" fill=""#FFFFFF"" stroke=""#000000"" stroke-width=""0.5"" d=""M123.532,34.581c0,3.771-3.173,6.829-7.084,6.829    c-3.913,0-7.085-3.058-7.085-6.829s3.172-6.83,7.085-6.83C120.359,27.751,123.532,30.81,123.532,34.581z""/>
	&#x09;<path i:knockout=""Off"" fill=""none"" stroke=""#666666"" stroke-width=""0.5"" d=""M110.14,37.723L95.014,10.699""/>
	&#x09;<path i:knockout=""Off"" fill=""none"" stroke=""#666666"" stroke-width=""0.5"" d=""M122.183,30.673L104.412,0.125""/>
	&#x09;<path i:knockout=""Off"" fill=""none"" stroke=""#000000"" stroke-width=""0.5"" d=""M104.412,0.125L105,8.497""/>
	&#x09;<path i:knockout=""Off"" fill=""none"" stroke=""#666666"" stroke-width=""0.5"" d=""M105,8.497l-2.791,0.441""/>
	&#x09;<path i:knockout=""Off"" fill=""none"" stroke=""#000000"" stroke-width=""0.5"" d=""M102.209,8.938l-1.321,4.847""/>
	&#x09;<path i:knockout=""Off"" fill=""none"" stroke=""#666666"" stroke-width=""0.5"" d=""M100.888,13.784l-5.874-3.085""/>
	&#x09;<path i:knockout=""Off"" fill=""#FFFFFF"" stroke=""#000000"" stroke-width=""0.5"" d=""M120.127,26.267c0,0,8.705,2.373,7.344,11.896    c-1.569,10.978-12.926,7.784-12.926,7.784l-6.704,11.487l-1.176,0.294l-1.468-0.588l6.951-14.598l0.782,0.32    c0,0,7.343,1.616,8.813-1.028c1.469-2.644,3.229-4.26,3.229-4.26l0.148-4.258l-1.764-3.084l-2.202-1.763L120.127,26.267z""/>
	&#x09;<path i:knockout=""Off"" fill=""none"" stroke=""#000000"" stroke-width=""0.5"" d=""M96.41,49.388c0.75,0.401,1.848-0.188,2.452-1.315    l4.05-7.558c0.604-1.127,0.485-2.368-0.266-2.77c-0.748-0.402-1.846,0.188-2.45,1.314l-4.05,7.559    C95.543,47.745,95.661,48.986,96.41,49.388z""/>
	&#x09;<path i:knockout=""Off"" fill=""#666666"" stroke=""#666666"" stroke-width=""0.5"" d=""M106.355,44.165l3.476,1.854l-1.854,4.402    L105,48.885L106.355,44.165z""/>
	&#x09;<path i:knockout=""Off"" fill=""#FFFFFF"" stroke=""#000000"" d=""M119.354,48.614l-4.846,8.764l-3.505-1.938l4.845-8.765L119.354,48.614    z""/>
	&#x09;<path i:knockout=""Off"" fill=""none"" stroke=""#000000"" d=""M112.671,52.912l2.721,1.681""/>
	&#x09;<path i:knockout=""Off"" fill=""none"" stroke=""#000000"" d=""M115.392,48.567l2.55,1.623""/>
	&#x09;<path i:knockout=""Off"" fill=""#FFFFFF"" stroke=""#000000"" d=""M125.121,35.447c0,4.339-3.649,7.856-8.15,7.856    c-4.503,0-8.151-3.518-8.151-7.856c0-4.34,3.648-7.857,8.151-7.857C121.472,27.59,125.121,31.107,125.121,35.447z""/>
	&#x09;<path i:knockout=""Off"" fill=""none"" stroke=""#FFFFFF"" stroke-dasharray=""12 2"" d=""M98.821,124.694l23.263,80.695""/>
	&#x09;<path i:knockout=""Off"" fill=""none"" stroke=""#FFFFFF"" stroke-dasharray=""12 2"" d=""M123.681,185.732l1.743,16.901""/>
	&#x09;<path i:knockout=""Off"" fill=""none"" stroke=""#FFFFFF"" stroke-dasharray=""12 2"" d=""M122.984,168.482v9.583""/>
	&#x09;<path i:knockout=""Off"" fill=""none"" stroke=""#FFFFFF"" stroke-dasharray=""12 2"" d=""M125.424,161.164l-1.743,2.788""/>
	&#x09;<path i:knockout=""Off"" fill=""none"" stroke=""#FFFFFF"" stroke-dasharray=""12 2"" d=""M116.536,118.997l9.235,39.379""/>
	&#x09;<g>
			
			&#x09;<radialGradient id=""XMLID_6_"" cx=""184.7402"" cy=""-5.7275"" r=""10.5831"" fx=""184.7402"" fy=""-5.7275"" gradientTransform=""matrix(1.4099 -0.2491 0.1167 0.6602 -155.8032 168.4212)"" gradientUnits=""userSpaceOnUse"">
			&#x09;<stop offset=""0"" style=""stop-color:#FFFFFF""/>
			&#x09;<stop offset=""0.4129"" style=""stop-color:#FDFDFD""/>
			&#x09;<stop offset=""0.5616"" style=""stop-color:#F6F6F6""/>
			&#x09;<stop offset=""0.6676"" style=""stop-color:#EBEBEB""/>
			&#x09;<stop offset=""0.7534"" style=""stop-color:#DADADA""/>
			&#x09;<stop offset=""0.8268"" style=""stop-color:#C4C4C4""/>
			&#x09;<stop offset=""0.8918"" style=""stop-color:#A8A8A8""/>
			&#x09;<stop offset=""0.9492"" style=""stop-color:#898989""/>
			&#x09;<stop offset=""1"" style=""stop-color:#666666""/>
			&#x09;<a:midPointStop offset=""0"" style=""stop-color:#FFFFFF""/>
			&#x09;<a:midPointStop offset=""0.87"" style=""stop-color:#FFFFFF""/>
			&#x09;<a:midPointStop offset=""1"" style=""stop-color:#666666""/>
		&#x09;</radialGradient>
		&#x09;<path i:knockout=""Off"" fill=""url(#XMLID_6_)"" stroke=""#000000"" d=""M92.199,118.755l16.854-5.369     c5.339-1.698,11.101-2.696,13.206-0.316c2.104,2.377-2.621,3.5-7.962,5.2l-16.849,5.368c-5.341,1.699-9.276,3.336-11.378,0.955     C83.964,122.215,86.861,120.455,92.199,118.755z""/>
	&#x09;</g>
	&#x09;<path i:knockout=""Off"" fill=""none"" stroke=""#000000"" d=""M17.5,152.681H99""/>
	&#x09;<path i:knockout=""Off"" fill=""none"" stroke=""#000000"" d=""M0,171.181h104.5""/>
	&#x09;<path i:knockout=""Off"" fill=""none"" stroke=""#000000"" d=""M110,190.181l-100.5,80""/>
	&#x09;<path i:knockout=""Off"" fill=""none"" stroke=""#000000"" d=""M117.5,213.181l-92,74""/>
	&#x09;<g i:knockout=""On"" a:adobe-knockout=""true"">
		&#x09;<path i:knockout=""Off"" fill=""none"" stroke=""#000000"" stroke-width=""0.8578"" a:adobe-knockout=""false"" d=""M132.099,133.64     l33.056,0.119""/>
		&#x09;<path i:knockout=""Off"" fill=""#666666"" stroke=""#000000"" a:adobe-knockout=""false"" d=""M126.04,133.646l8.532-3.495l-2.022,3.488     l2.03,3.484L126.04,133.646z""/>
	&#x09;</g>
	&#x09;<switch i:knockout=""Off"" i:objectNS=""http://ns.adobe.com/Flows/1.0/"" i:objectType=""pointText"">
		&#x09;<foreignObject requiredExtensions=""http://ns.adobe.com/Flows/1.0/"" x=""0"" y=""0"" width=""1"" height=""1"" overflow=""visible"">
			&#x09;<flowDef xmlns=""http://ns.adobe.com/Flows/1.0/"">
				&#x09;<region>
					&#x09;<path d=""M165.16,137.161""/>
				&#x09;</region>
				&#x09;<flow xmlns=""http://ns.adobe.com/Flows/1.0/"" font-family=""'Verdana'"" font-size=""11"">
					&#x09;<p><span>1</span></p>
				&#x09;</flow>
			&#x09;</flowDef>
			&#x09;<x:targetRef xlink:href=""#XMLID_7_""/>
		&#x09;</foreignObject>
		&#x09;<text id=""XMLID_7_"" transform=""matrix(1 0 0 1 165.1602 137.1611)""><tspan x=""0"" y=""0"" font-family=""'Verdana'"" font-size=""11"">1</tspan></text>
	&#x09;</switch>
	&#x09;<g i:knockout=""On"" a:adobe-knockout=""true"">
		&#x09;<path i:knockout=""Off"" fill=""none"" stroke=""#000000"" stroke-width=""0.8578"" a:adobe-knockout=""false"" d=""M128.099,53.597     l33.056,0.119""/>
		&#x09;<path i:knockout=""Off"" fill=""#666666"" stroke=""#000000"" a:adobe-knockout=""false"" d=""M122.04,53.604l8.532-3.495l-2.022,3.488     l2.03,3.484L122.04,53.604z""/>
	&#x09;</g>
	&#x09;<switch i:knockout=""Off"" i:objectNS=""http://ns.adobe.com/Flows/1.0/"" i:objectType=""pointText"">
		&#x09;<foreignObject requiredExtensions=""http://ns.adobe.com/Flows/1.0/"" x=""0"" y=""0"" width=""1"" height=""1"" overflow=""visible"">
			&#x09;<flowDef xmlns=""http://ns.adobe.com/Flows/1.0/"">
				&#x09;<region>
					&#x09;<path d=""M164.91,57.118""/>
				&#x09;</region>
				&#x09;<flow xmlns=""http://ns.adobe.com/Flows/1.0/"" font-family=""'Verdana'"" font-size=""11"">
					&#x09;<p><span>3</span></p>
				&#x09;</flow>
			&#x09;</flowDef>
			&#x09;<x:targetRef xlink:href=""#XMLID_8_""/>
		&#x09;</foreignObject>
		&#x09;<text id=""XMLID_8_"" transform=""matrix(1 0 0 1 164.9102 57.1182)""><tspan x=""0"" y=""0"" font-family=""'Verdana'"" font-size=""11"">3</tspan></text>
	&#x09;</switch>
	&#x09;<g i:knockout=""On"" a:adobe-knockout=""true"">
		&#x09;<path i:knockout=""Off"" fill=""none"" stroke=""#000000"" a:adobe-knockout=""false"" d=""M72.659,47.51l-24-24.5""/>
		&#x09;<path i:knockout=""Off"" a:adobe-knockout=""false"" d=""M77.6,52.554l-9.866-4.264l4.557-1.157l1.251-4.531L77.6,52.554z""/>
	&#x09;</g>
	&#x09;<switch i:knockout=""Off"" i:objectNS=""http://ns.adobe.com/Flows/1.0/"" i:objectType=""pointText"">
		&#x09;<foreignObject requiredExtensions=""http://ns.adobe.com/Flows/1.0/"" x=""0"" y=""0"" width=""1"" height=""1"" overflow=""visible"">
			&#x09;<flowDef xmlns=""http://ns.adobe.com/Flows/1.0/"">
				&#x09;<region>
					&#x09;<path d=""M41.41,21.118""/>
				&#x09;</region>
				&#x09;<flow xmlns=""http://ns.adobe.com/Flows/1.0/"" font-family=""'Verdana'"" font-size=""11"">
					&#x09;<p><span>2</span></p>
				&#x09;</flow>
			&#x09;</flowDef>
			&#x09;<x:targetRef xlink:href=""#XMLID_9_""/>
		&#x09;</foreignObject>
		&#x09;<text id=""XMLID_9_"" transform=""matrix(1 0 0 1 41.4102 21.1182)""><tspan x=""0"" y=""0"" font-family=""'Verdana'"" font-size=""11"">2</tspan></text>
	&#x09;</switch>
&#x09;</g>&#x0A;</svg>";10/02/2004 13:06:11
5;"<!-- Generator: Adobe Illustrator 10.0, SVG Export Plug-In . SVG Version: 3.0.0 Build 76)  --><svg xmlns:x=""http://ns.adobe.com/Extensibility/1.0/"" xmlns:i=""http://ns.adobe.com/AdobeIllustrator/10.0/"" xmlns:graph=""http://ns.adobe.com/Graphs/1.0/"" xmlns=""http://www.w3.org/2000/svg"" xmlns:xlink=""http://www.w3.org/1999/xlink"" xmlns:a=""http://ns.adobe.com/AdobeSVGViewerExtensions/3.0/"" i:viewOrigin=""190.1665 399.5981"" i:rulerOrigin=""0 0"" i:pageBounds=""0 612 792 0"" width=""348.237"" height=""108.85"" viewBox=""0 0 348.237 108.85"" overflow=""visible"" enable-background=""new 0 0 348.237 108.85"" xml:space=""preserve"">
&#x09;<style type=""text/css"">
	
@font-face{font-family:'Verdana';src:url(""data:;base64,\
T1RUTwACACAAAQAAQ0ZGIBZHOskAAAAsAAACk2NtYXD/1wBpAAACwAAAACwBAAQCAAEBAQhWZXJk\
YW5hAAEBATP4GwH4GAQl/DscC5McCAEFHqAASIKBJf+Lix6gAEiCgSX/i4sMB/cRD4wQ9xURk/kf\
EgABAQEwVmVyZGFuYSBpcyBhIHRyYWRlbWFyayBvZiBNaWNyb3NvZnQgQ29ycG9yYXRpb24AAAEA\
EgMABQIAAQAgAFIA2AHRAfwg95QWHAYAHAYAHPoABxz6gPcUFRwFABwFABz7AAYO+tAW/br3LPfK\
+nr7yvccBrW4j5K7H7uSr5WkmKqco6CdpZykla6Otgj3Lxz6wvfEBg4cBJEW/oT3ZQbRx9HH0sfR\
x8zHyMb3FPcQ4+661Ai61KPZ4BrYcshYtx62WEOhMBtOSoB2RB9EdkZqSF8IgfdmBrqiy6Hangie\
2teV1Rv3LfcLZkLiH+JBtif7EhpShFd9Wh58WnZcb19xYm1iaGNoY2BfWVpERUFHP0o/SUROSVMI\
+bUGDvqi+WEVq26lZ6BgCKBglVNGGkd/TXJSHnJSaVpeYVlcUGlIdQh0R0GAOhs4OpWfOx87nkmh\
WKII92WaB8RmzWzYcghy2NV/0hu1uJKZuh+6mbKgqKaqqKKsmq4Imq6SuMEawIO4eq4eeq5zpm2f\
baBnmWCTCJJgXY9aGzH3OtEG8Nygtsgfx7Wpydwar4OrfKYefKZ1oXCcbpxtl2qSCJJqZo5iG0xH\
gHREH0R0R2tMYgiB92UGuqLLodqfCJ7a15XVG9TLhH7CH8J+vXW4brtrr2SkXgikXpdWTho4bkNR\
Th5QTUZkPHsIfQerhrCAtHq0eq51qHIIDhwEs/g3Fftx/Df7VPg3/V33egb5ZfncBfdM/iL3cQb8\
MRb5NAf81f00BQ4cBRYUHAhrFQAAAAABAAAAAwAAAAwABAAgAAAABAAEAAEAAAA0//8AAAAx////\
0AABAAAAAA=="")}
	
	</style>
&#x09;<metadata>
	&#x09;<variableSets xmlns=""http://ns.adobe.com/Variables/1.0/"">
		&#x09;<variableSet varSetName=""binding1"" locked=""none"">
			&#x09;<variables/>
			&#x09;<v:sampleDataSets xmlns=""http://ns.adobe.com/GenericCustomNamespace/1.0/"" xmlns:v=""http://ns.adobe.com/Variables/1.0/""/>
		&#x09;</variableSet>
	&#x09;</variableSets>
	&#x09;<sfw xmlns=""http://ns.adobe.com/SaveForWeb/1.0/"">
		&#x09;<slices/>
		&#x09;<sliceSourceBounds y=""290.748"" x=""190.167"" width=""348.237"" height=""108.85"" bottomLeftOrigin=""true""/>
	&#x09;</sfw>
&#x09;</metadata>
&#x09;<g id=""Layer_1"" i:layer=""yes"" i:dimmedPercent=""50"" i:rgbTrio=""#4F008000FFFF"">
	&#x09;<path i:knockout=""Off"" fill=""#FFFFFF"" stroke=""#000000"" stroke-width=""0.3875"" d=""M6.167,70.889""/>
	&#x09;<path i:knockout=""Off"" fill=""#FFFFFF"" stroke=""#000000"" stroke-width=""0.3875"" d=""M0,76.389""/>
	&#x09;<path i:knockout=""Off"" fill=""#CCCCCC"" stroke=""#CCCCCC"" stroke-width=""0.8341"" d=""M53.845,14.18l1.781,3.078l39.775,6.687    l5.837,0.505l8.646-0.216l-7.441-1.629l-2.593-0.811L72.959,14.18H53.845z""/>
	&#x09;<g>
		&#x09;<g>
			&#x09;<path i:knockout=""Off"" d=""M74.662,15.857l-0.793-0.427c-0.386,0.154-0.098,1.633-1.02,0.775      c0.146-0.162-0.012-0.427-0.077-0.643c-0.279-0.151-0.516-0.157-0.828-0.024c-0.079,0.258,0.145,0.739-0.376,0.7      c-0.64-0.042-0.321-1.195-1.046-0.743c-0.171,0.209-0.182,0.564-0.516,0.625c-0.301-0.221-0.47-0.914-0.979-0.526      c-0.032,0.283,0.097,0.713-0.335,0.843l-0.42-0.226c0.127-0.233-0.057-0.452-0.121-0.667c-0.237-0.007-0.471-0.133-0.735,0.025      l-0.377,0.7c-0.538-0.229-0.442-1.081-1.213-0.653c-0.196,0.255,0.16,0.93-0.478,0.887c-0.484-0.441-0.316-1.313-1.228-0.961      c-0.055,0.211-0.035,0.402-0.162,0.635c-0.388,0.273-0.423-0.108-0.56-0.301c0.014-0.474-0.323-0.294-0.561-0.301      c-0.73-0.093,0.026,0.735-0.616,0.811c-0.805-0.071-0.364-1.339-1.354-0.729c0.18,0.338,0.17,0.693-0.054,0.996      c-0.668,0.122-0.506-0.514-0.542-0.895c-0.068-0.096-0.065-0.214-0.183-0.219c-1.296-0.275,0.229,1.809-1.162,0.819      l-0.167-0.811c-0.357,0.107-1.18-0.154-1.036,0.585c0.158,0.266-0.176,0.326-0.345,0.417c-0.351-0.129-0.384-0.628-0.352-0.912      c-0.915-0.312-0.495,0.697-0.977,0.919c-0.875-0.05-0.147-1.403-1.181-0.937l-0.478,0.887l-0.466-0.252      c0.101-0.186-0.083-0.405-0.101-0.595c-0.287,0.086-1.012-0.244-0.819,0.402l-0.173,0.327l-0.562-0.3      c0.122-0.115-0.015-0.309-0.058-0.452l-0.735,0.025c-0.08,0.258,0.172,0.574-0.144,0.825c-0.696,0.287-1.203-1.79-1.439-0.232      c-0.146,0.161-0.158,0.517-0.441,0.484c-0.584-0.254-0.075-1.424-1.037-0.979c0.014,0.308,0.029,0.618-0.192,0.918      c-0.195,0.137-0.353-0.129-0.517-0.157c0.052-0.212-0.081-0.524-0.12-0.786c-0.262,0.039-0.471-0.132-0.736,0.025      c-0.078,0.259,0.055,0.571-0.19,0.801c-0.192,0.137-0.396-0.154-0.609-0.208c0.147-0.161-0.036-0.38-0.101-0.596      c-0.237-0.007-0.47-0.133-0.735,0.025c-0.054,0.212-0.035,0.402-0.162,0.635c-0.893,0.543-0.271-1.289-1.259-0.677      c-0.219,0.183,0.114,0.904-0.387,1.055c-0.827-0.143-0.142-1.64-1.253-0.915c-0.151,0.28,0.161,0.93-0.479,0.888      c-0.412-0.463-0.315-1.313-1.228-0.962c0.015,0.31,0.029,0.618-0.192,0.919c-0.195,0.137-0.353-0.129-0.518-0.158l-0.119-0.786      l-0.736,0.025c-0.125,0.233,0.127,0.549-0.188,0.801c-0.194,0.136-0.398-0.155-0.611-0.208c-0.15-0.503,0.381-1.601-0.593-1.583      c-1.07-3.043-0.773-6.614,1.242-9.02c0.398,0.154,0.441,0.297,0.384,0.627c-0.051,0.094,0.019,0.191,0.015,0.309      c0.229,0.244,0.499-0.033,0.736-0.026c0.222-0.302-0.164-0.929,0.501-0.933c0.438,0.417,0.029,1.4,1.013,1.026l0.553-1.027      c0.561,0.301,0.097,1.497,1.134,0.911c0.151-0.28,0.024-0.829,0.521-0.744c0.491,0.205,0.024,0.736,0.543,0.895      c1.154,0.2-0.009-1.328,1.021-0.895c0.108,0.359,0.066,0.998,0.759,0.829c0.616-0.029,0.104-1.87,1.022-0.894      c-0.227,0.42-0.078,1.042,0.567,0.847c0.621-0.147-0.02-1.755,1.069-0.868c0.085,0.287-0.577,1.073,0.259,0.86      c0.828,0.025,0.229-1.32,1.073-0.987c0.225,0.362-0.366,1.126,0.491,0.987c1.066,0.031-0.022-1.637,1.12-0.962      c0.202,0.29-0.248,1.13,0.443,0.961c0.944,0.146,0.208-1.393,1.146-1.009c0.201,0.409-0.366,1.127,0.492,0.987      c0.734-0.025,0.238-0.895,0.886-1.088c0.484,0.441-0.046,1.54,1.037,0.979c0.192-0.136,0.083-0.376,0.018-0.592      c0.164,0.029,0.241-0.111,0.315-0.251c0.563,0.183,0.246,1.334,1.139,0.792c0.319-0.369,0.09-0.613,0.52-0.743      c0.146,0.622,0.255,0.98,0.994,0.836c0.459-0.295-0.019-0.973,0.692-0.952c0.349,0.248,0.008,1.328,0.805,0.854      c0.294-0.324,0.14-0.708,0.433-1.03c0.35,0.248,0.456,0.606,0.303,1.005c0.376,0.082,1.202,0.225,0.986-0.493      c-0.137-0.194,0.104-0.306,0.133-0.47c0.955-0.208,0.144,0.739,0.585,1.037c0.755,0.166,0.769-0.309,0.88-0.85l0.125-0.233      l0.56,0.301c-0.125,0.233-0.179,0.445-0.067,0.686c0.424,0.107,1.182,0.154,1.037-0.586c-0.115-0.122,0.032-0.284,0.083-0.377      l0.358-0.108l0.228,1.145c1.263,0.56,0.41-1.102,1.285-1.052c0.443,0.297-0.185,1.464,0.777,1.019      c0.592,0.018,0.092-1.514,0.973-0.8c0.112,0.24-0.133,0.47,0.025,0.735c0.258,0.079,0.524-0.079,0.734-0.025      c0.178-0.327,0.004-0.901,0.46-1.077c0.492,0.205-0.258,1.485,0.725,1.112c0.808-0.047-0.14-1.64,1.056-1.177l-0.101,0.968      c0.157,0.266,0.64,0.043,0.97,0.101c-0.104-0.478-0.069-0.879,0.275-1.295c1.214-0.13-0.409,1.766,1.146,1.337      c0.452-0.84,0.114-2.225,0.354-3.119""/>
			&#x09;<path i:knockout=""Off"" fill=""#BFBFBF"" d=""M73.441,14.658c-0.163-2.494-0.423-4.919-0.163-7.307l0.668-0.123l0.398,7.314      C74.125,14.726,73.719,14.809,73.441,14.658z""/>
			&#x09;<path i:knockout=""Off"" fill=""#BFBFBF"" d=""M71.786,14.49c-0.096-2.396-0.521-4.851-0.165-7.188l0.596-0.101l0.35,7.407      C72.42,14.652,71.843,14.943,71.786,14.49z""/>
			&#x09;<path i:knockout=""Off"" fill=""#BFBFBF"" d=""M68.861,14.783c-0.184-2.566-0.512-5.089-0.083-7.565L69.156,7.3l0.297,7.501      C69.241,14.747,69.077,14.718,68.861,14.783z""/>
			&#x09;<path i:knockout=""Off"" fill=""#BFBFBF"" d=""M67.388,14.834c-0.255-2.545-0.728-5.025-0.222-7.641l0.661,0.114      c-0.239,2.459-0.004,4.931,0.204,7.45C67.816,14.823,67.629,14.723,67.388,14.834z""/>
			&#x09;<path i:knockout=""Off"" fill=""#BFBFBF"" d=""M65.798,14.881c-0.423-2.454-0.346-5.06-0.271-7.547l0.595-0.101l0.299,7.5      C66.226,14.87,65.994,14.744,65.798,14.881z""/>
			&#x09;<path i:knockout=""Off"" fill=""#BFBFBF"" d=""M64.002,14.756c-0.113-2.587-0.329-4.87-0.112-7.4l0.668-0.122l0.273,7.547      C64.458,14.581,64.321,15.169,64.002,14.756z""/>
			&#x09;<path i:knockout=""Off"" fill=""#BFBFBF"" d=""M62.624,14.858l-0.366-0.438l0.019-6.969l0.691-0.169      c0.141,2.423,0.064,5.028,0.083,7.565L62.624,14.858z""/>
			&#x09;<path i:knockout=""Off"" fill=""#BFBFBF"" d=""M60.801,14.779c-0.096-2.397-0.208-4.984,0.104-7.465      c0.164,0.029,0.376,0.083,0.592,0.017c-0.097,2.416-0.099,4.881,0.038,7.422C61.338,15.009,61.034,14.905,60.801,14.779z""/>
			&#x09;<path i:knockout=""Off"" fill=""#BFBFBF"" d=""M59.472,14.787c-0.281-2.498-0.16-4.96-0.038-7.421l0.426-0.011l0.204,7.45      C59.967,14.873,59.656,15.006,59.472,14.787z""/>
			&#x09;<path i:knockout=""Off"" fill=""#BFBFBF"" d=""M57.692,14.853c-0.137-2.54-0.131-5.125,0.012-7.515l0.734-0.025l0.205,7.451      C58.424,14.946,58.019,15.028,57.692,14.853z""/>
			&#x09;<path i:knockout=""Off"" fill=""#BFBFBF"" d=""M56.36,14.979c-0.208-2.519-0.375-4.896-0.204-7.451l0.719-0.215      c-0.146,2.508-0.148,4.974-0.012,7.514L56.36,14.979z""/>
			&#x09;<path i:knockout=""Off"" fill=""#BFBFBF"" d=""M54.563,14.854l0.029-7.324l0.671-0.241l0.129,7.59      C55.08,15.012,54.77,15.026,54.563,14.854z""/>
			&#x09;<path i:knockout=""Off"" fill=""#BFBFBF"" d=""M53.159,15.002c-0.589-2.483-0.063-5.028-0.129-7.591l0.643-0.075      c0.07,2.444-0.198,5.067-0.061,7.607L53.159,15.002z""/>
			&#x09;<path i:knockout=""Off"" fill=""#BFBFBF"" d=""M51.455,14.927c-0.328-2.522-0.254-5.009,0.012-7.515      c0.312-0.133,0.595-0.101,0.829,0.025c-0.313,2.48-0.195,4.949-0.104,7.464C52.072,14.898,51.66,15.218,51.455,14.927z""/>
			&#x09;<path i:knockout=""Off"" fill=""#BFBFBF"" d=""M38.823,15.203c-0.328-2.523-0.254-5.01,0.01-7.515      c0.313-0.133,0.597-0.101,0.83,0.024c-0.312,2.48-0.195,4.949-0.105,7.465C39.439,15.174,39.028,15.494,38.823,15.203z""/>
			&#x09;<path i:knockout=""Off"" fill=""#BFBFBF"" d=""M49.959,15.025c-0.354-2.476-0.323-5.107,0.085-7.655      c0.19-0.018,0.385-0.154,0.567,0.064c-0.076,2.487-0.245,5.042-0.061,7.608L49.959,15.025z""/>
			&#x09;<path i:knockout=""Off"" fill=""#BFBFBF"" d=""M48.185,14.072c-0.052-2.254,0.015-4.504,0.269-6.654      c0.237,0.007,0.457-0.176,0.687,0.068c-0.264,2.505-0.338,4.993-0.2,7.533C48.244,15.306,48.196,14.499,48.185,14.072z""/>
			&#x09;<path i:knockout=""Off"" fill=""#BFBFBF"" d=""M46.676,14.975l0.029-7.325l0.67-0.241L47.506,15      C47.194,15.132,46.884,15.147,46.676,14.975z""/>
			&#x09;<path i:knockout=""Off"" fill=""#BFBFBF"" d=""M45.273,15.123c-0.591-2.483-0.063-5.028-0.129-7.59l0.643-0.076      c0.068,2.445-0.199,5.068-0.062,7.609L45.273,15.123z""/>
			&#x09;<path i:knockout=""Off"" fill=""#BFBFBF"" d=""M43.568,15.048c-0.327-2.523-0.253-5.009,0.013-7.515      c0.311-0.133,0.594-0.101,0.829,0.025c-0.313,2.479-0.196,4.949-0.104,7.464C44.186,15.019,43.773,15.339,43.568,15.048z""/>
			&#x09;<path i:knockout=""Off"" fill=""#BFBFBF"" d=""M42.073,15.146c-0.354-2.476-0.322-5.107,0.086-7.655      c0.189-0.018,0.383-0.154,0.566,0.064c-0.075,2.487-0.244,5.042-0.061,7.609L42.073,15.146z""/>
			&#x09;<path i:knockout=""Off"" fill=""#BFBFBF"" d=""M40.297,14.192c-0.051-2.254,0.017-4.504,0.271-6.654      c0.237,0.008,0.457-0.175,0.687,0.068c-0.264,2.505-0.339,4.992-0.201,7.533C40.356,15.426,40.31,14.619,40.297,14.192z""/>
		&#x09;</g>
		&#x09;<g>
			&#x09;<path i:knockout=""Off"" d=""M107.461,15.249l-0.793-0.426c-0.385,0.154-0.096,1.633-1.02,0.775      c0.147-0.161-0.011-0.427-0.075-0.642c-0.281-0.151-0.517-0.157-0.828-0.024c-0.079,0.258,0.143,0.739-0.378,0.7      c-0.638-0.042-0.32-1.195-1.045-0.742c-0.171,0.208-0.181,0.563-0.517,0.625c-0.301-0.222-0.47-0.915-0.979-0.527      c-0.032,0.284,0.098,0.715-0.333,0.844l-0.42-0.227c0.125-0.233-0.059-0.452-0.122-0.667c-0.237-0.007-0.47-0.132-0.735,0.025      l-0.376,0.7c-0.539-0.229-0.443-1.081-1.215-0.652c-0.196,0.255,0.162,0.929-0.476,0.887c-0.486-0.441-0.318-1.313-1.229-0.961      c-0.056,0.212-0.036,0.402-0.161,0.635c-0.388,0.272-0.424-0.108-0.561-0.301c0.015-0.474-0.322-0.294-0.56-0.301      c-0.732-0.093,0.025,0.735-0.617,0.812c-0.804-0.072-0.364-1.339-1.354-0.729c0.182,0.337,0.17,0.692-0.052,0.994      c-0.669,0.123-0.508-0.513-0.542-0.894c-0.069-0.097-0.066-0.215-0.184-0.219c-1.295-0.275,0.23,1.809-1.163,0.819l-0.165-0.811      c-0.359,0.107-1.181-0.154-1.038,0.585c0.16,0.265-0.175,0.326-0.343,0.416c-0.353-0.129-0.386-0.627-0.354-0.911      c-0.915-0.312-0.494,0.697-0.975,0.919c-0.875-0.05-0.148-1.403-1.182-0.936l-0.477,0.887L86.73,15.65      c0.101-0.186-0.085-0.405-0.101-0.595c-0.289,0.086-1.014-0.244-0.819,0.402l-0.175,0.327l-0.562-0.301      c0.122-0.115-0.014-0.309-0.056-0.453l-0.736,0.025c-0.079,0.259,0.172,0.575-0.144,0.826c-0.696,0.287-1.203-1.791-1.438-0.233      c-0.148,0.161-0.158,0.517-0.441,0.485c-0.586-0.255-0.077-1.425-1.039-0.979c0.015,0.308,0.029,0.618-0.192,0.919      c-0.194,0.137-0.353-0.129-0.517-0.158c0.054-0.212-0.079-0.524-0.12-0.785c-0.26,0.039-0.47-0.133-0.734,0.025      c-0.079,0.258,0.053,0.571-0.19,0.8c-0.194,0.137-0.398-0.154-0.61-0.208c0.147-0.161-0.035-0.38-0.101-0.596      c-0.237-0.007-0.47-0.133-0.736,0.025c-0.053,0.212-0.035,0.402-0.16,0.636c-0.894,0.542-0.271-1.289-1.261-0.678      c-0.218,0.183,0.115,0.904-0.387,1.055c-0.825-0.143-0.142-1.64-1.253-0.915c-0.151,0.28,0.162,0.93-0.479,0.887      c-0.41-0.463-0.314-1.313-1.226-0.961c0.014,0.309,0.028,0.617-0.194,0.919c-0.193,0.136-0.352-0.129-0.517-0.157l-0.118-0.786      l-0.736,0.025c-0.125,0.233,0.126,0.549-0.189,0.8c-0.194,0.136-0.398-0.154-0.61-0.208c-0.15-0.503,0.379-1.601-0.594-1.583      c-1.07-3.043-0.772-6.614,1.241-9.02c0.399,0.154,0.441,0.297,0.386,0.628c-0.051,0.094,0.018,0.19,0.014,0.309      c0.229,0.244,0.498-0.033,0.735-0.026c0.222-0.301-0.162-0.929,0.503-0.933c0.438,0.417,0.029,1.4,1.013,1.026l0.551-1.026      c0.561,0.301,0.098,1.497,1.135,0.911c0.15-0.28,0.025-0.83,0.521-0.744c0.491,0.205,0.025,0.736,0.542,0.894      c1.156,0.201-0.008-1.328,1.021-0.895c0.108,0.359,0.065,0.999,0.758,0.829c0.618-0.029,0.104-1.87,1.023-0.894      c-0.227,0.419-0.079,1.041,0.566,0.846c0.623-0.147-0.019-1.755,1.069-0.869c0.087,0.287-0.577,1.073,0.261,0.861      c0.827,0.025,0.227-1.321,1.071-0.988c0.226,0.362-0.365,1.127,0.491,0.987c1.066,0.031-0.021-1.637,1.12-0.962      c0.204,0.291-0.246,1.131,0.445,0.962c0.944,0.147,0.208-1.393,1.145-1.009c0.201,0.409-0.365,1.127,0.492,0.986      c0.736-0.025,0.24-0.894,0.887-1.087c0.483,0.441-0.047,1.539,1.036,0.979c0.193-0.137,0.084-0.376,0.018-0.592      c0.166,0.028,0.241-0.111,0.316-0.251c0.563,0.182,0.245,1.334,1.139,0.792c0.319-0.369,0.089-0.613,0.52-0.743      c0.147,0.622,0.256,0.98,0.994,0.836c0.46-0.294-0.018-0.973,0.691-0.951c0.35,0.248,0.01,1.328,0.807,0.854      c0.292-0.324,0.138-0.708,0.433-1.03c0.349,0.247,0.455,0.606,0.302,1.005c0.377,0.083,1.202,0.225,0.986-0.493      c-0.136-0.194,0.105-0.305,0.133-0.47c0.956-0.209,0.144,0.738,0.585,1.037c0.755,0.165,0.769-0.309,0.879-0.851l0.126-0.234      l0.561,0.302c-0.127,0.232-0.179,0.444-0.068,0.686c0.424,0.107,1.181,0.154,1.037-0.585c-0.115-0.123,0.032-0.285,0.083-0.378      l0.358-0.108l0.227,1.146c1.264,0.559,0.412-1.102,1.287-1.053c0.442,0.298-0.186,1.465,0.775,1.02      c0.592,0.018,0.094-1.515,0.974-0.801c0.111,0.24-0.133,0.47,0.024,0.735c0.259,0.079,0.524-0.079,0.736-0.025      c0.176-0.326,0.004-0.9,0.459-1.076c0.492,0.205-0.258,1.486,0.725,1.112c0.808-0.047-0.141-1.64,1.055-1.178L104.38,5.65      c0.158,0.266,0.641,0.042,0.97,0.1c-0.104-0.477-0.068-0.879,0.277-1.296c1.212-0.129-0.41,1.767,1.145,1.338      c0.451-0.839,0.113-2.225,0.353-3.119""/>
			&#x09;<path i:knockout=""Off"" fill=""#BFBFBF"" d=""M106.241,14.051c-0.162-2.494-0.422-4.919-0.162-7.307l0.669-0.123l0.397,7.314      C106.926,14.119,106.52,14.202,106.241,14.051z""/>
			&#x09;<path i:knockout=""Off"" fill=""#BFBFBF"" d=""M104.586,13.883c-0.095-2.397-0.52-4.852-0.165-7.189l0.596-0.101l0.349,7.407      C105.221,14.044,104.645,14.335,104.586,13.883z""/>
			&#x09;<path i:knockout=""Off"" fill=""#BFBFBF"" d=""M103.392,14.203c-0.482-1.341-0.571-3.075-0.527-4.615l0.086-2.842l0.501-0.151      c0.023,2.42,0.183,5.032,0.273,7.548L103.392,14.203z""/>
			&#x09;<path i:knockout=""Off"" fill=""#BFBFBF"" d=""M101.662,14.175c-0.184-2.565-0.513-5.089-0.083-7.565l0.378,0.082l0.298,7.501      C102.042,14.14,101.876,14.111,101.662,14.175z""/>
			&#x09;<path i:knockout=""Off"" fill=""#BFBFBF"" d=""M100.19,14.226c-0.257-2.544-0.728-5.024-0.224-7.641l0.661,0.115      c-0.239,2.458-0.004,4.931,0.205,7.45C100.617,14.215,100.431,14.115,100.19,14.226z""/>
			&#x09;<path i:knockout=""Off"" fill=""#BFBFBF"" d=""M98.6,14.273c-0.425-2.454-0.348-5.06-0.273-7.547l0.596-0.101l0.298,7.5      C99.028,14.263,98.795,14.137,98.6,14.273z""/>
			&#x09;<path i:knockout=""Off"" fill=""#BFBFBF"" d=""M96.802,14.149c-0.112-2.588-0.328-4.87-0.111-7.4l0.668-0.122l0.272,7.547      C97.257,13.972,97.122,14.562,96.802,14.149z""/>
			&#x09;<path i:knockout=""Off"" fill=""#BFBFBF"" d=""M95.424,14.25l-0.367-0.438l0.019-6.969l0.692-0.169      c0.142,2.422,0.064,5.028,0.082,7.565L95.424,14.25z""/>
			&#x09;<path i:knockout=""Off"" fill=""#BFBFBF"" d=""M93.601,14.172c-0.094-2.397-0.206-4.984,0.104-7.464      c0.166,0.028,0.378,0.082,0.592,0.017c-0.096,2.416-0.098,4.881,0.04,7.422C94.14,14.402,93.834,14.298,93.601,14.172z""/>
			&#x09;<path i:knockout=""Off"" fill=""#BFBFBF"" d=""M92.273,14.18c-0.28-2.498-0.16-4.959-0.039-7.421l0.427-0.012l0.204,7.451      C92.768,14.266,92.456,14.398,92.273,14.18z""/>
			&#x09;<path i:knockout=""Off"" fill=""#BFBFBF"" d=""M90.494,14.246c-0.138-2.541-0.132-5.125,0.01-7.515l0.736-0.026l0.204,7.451      C91.226,14.338,90.82,14.421,90.494,14.246z""/>
			&#x09;<path i:knockout=""Off"" fill=""#BFBFBF"" d=""M89.162,14.372c-0.209-2.519-0.375-4.895-0.204-7.451l0.717-0.215      c-0.146,2.509-0.148,4.974-0.01,7.515L89.162,14.372z""/>
			&#x09;<path i:knockout=""Off"" fill=""#BFBFBF"" d=""M87.364,14.247l0.028-7.324l0.672-0.241l0.129,7.59      C87.88,14.404,87.572,14.419,87.364,14.247z""/>
			&#x09;<path i:knockout=""Off"" fill=""#BFBFBF"" d=""M85.96,14.395c-0.59-2.482-0.063-5.028-0.129-7.59l0.642-0.075      c0.07,2.444-0.199,5.067-0.062,7.607L85.96,14.395z""/>
			&#x09;<path i:knockout=""Off"" fill=""#BFBFBF"" d=""M84.256,14.32c-0.328-2.522-0.254-5.01,0.01-7.514      c0.313-0.133,0.596-0.102,0.829,0.024c-0.312,2.48-0.193,4.95-0.104,7.465C84.873,14.292,84.461,14.611,84.256,14.32z""/>
			&#x09;<path i:knockout=""Off"" fill=""#BFBFBF"" d=""M71.623,14.596c-0.326-2.523-0.254-5.01,0.012-7.515      c0.312-0.133,0.595-0.101,0.829,0.025c-0.312,2.48-0.196,4.949-0.104,7.465C72.241,14.566,71.829,14.886,71.623,14.596z""/>
			&#x09;<path i:knockout=""Off"" fill=""#BFBFBF"" d=""M82.759,14.418c-0.354-2.477-0.322-5.107,0.086-7.656      c0.191-0.017,0.384-0.154,0.567,0.065c-0.075,2.487-0.246,5.042-0.062,7.608L82.759,14.418z""/>
			&#x09;<path i:knockout=""Off"" fill=""#BFBFBF"" d=""M80.986,13.464c-0.051-2.253,0.016-4.503,0.27-6.654      c0.237,0.008,0.455-0.176,0.687,0.068c-0.266,2.505-0.339,4.992-0.202,7.532C81.044,14.699,80.997,13.892,80.986,13.464z""/>
			&#x09;<path i:knockout=""Off"" fill=""#BFBFBF"" d=""M79.477,14.368l0.029-7.325l0.671-0.241l0.129,7.59      C79.995,14.525,79.686,14.54,79.477,14.368z""/>
			&#x09;<path i:knockout=""Off"" fill=""#BFBFBF"" d=""M78.074,14.515c-0.59-2.482-0.063-5.028-0.128-7.591l0.642-0.075      c0.069,2.444-0.199,5.067-0.063,7.609L78.074,14.515z""/>
			&#x09;<path i:knockout=""Off"" fill=""#BFBFBF"" d=""M76.369,14.44c-0.328-2.523-0.253-5.009,0.012-7.515      c0.313-0.132,0.596-0.101,0.829,0.025c-0.312,2.479-0.195,4.949-0.104,7.465C76.986,14.412,76.575,14.731,76.369,14.44z""/>
			&#x09;<path i:knockout=""Off"" fill=""#BFBFBF"" d=""M74.873,14.538c-0.353-2.476-0.321-5.106,0.087-7.655      c0.189-0.019,0.382-0.154,0.567,0.064c-0.075,2.487-0.246,5.042-0.063,7.608L74.873,14.538z""/>
			&#x09;<path i:knockout=""Off"" fill=""#BFBFBF"" d=""M73.099,13.584c-0.052-2.253,0.017-4.504,0.269-6.654      c0.237,0.007,0.457-0.176,0.688,0.068c-0.266,2.505-0.34,4.992-0.203,7.533C73.158,14.819,73.111,14.012,73.099,13.584z""/>
		&#x09;</g>
	&#x09;</g>
	&#x09;<path i:knockout=""Off"" fill=""none"" stroke=""#000000"" stroke-width=""0.7012"" d=""M274.669,68.393    c2.765-2.923,8.447-2.042,12.689,1.97c4.24,4.014,5.438,9.636,2.673,12.561c-2.768,2.924-8.449,2.042-12.691-1.971    C273.101,76.938,271.902,71.317,274.669,68.393z""/>
	&#x09;<path i:knockout=""Off"" fill=""#FFFFFF"" stroke=""#000000"" stroke-width=""0.7012"" d=""M83.142,2.389c0,0-16.983,1.959-11.104,11.104    l39.846,11.105h123.459c0,0,9.145,0.653,15.023,15.024l25.476,23.516c0,0,15.678,1.959,16.331,19.596l17.637-19.596    c0,0-0.653-15.024-15.024-18.291c-14.37-3.266,0-1.959,0-1.959l-26.128-24.169c0,0-5.879-13.064-30.702-13.064L83.142,2.389z""/>
	&#x09;<path i:knockout=""Off"" fill=""#CCCCCC"" stroke=""#000000"" stroke-width=""0.5616"" d=""M284.478,32.678    c2.208-2.335,6.763-1.62,10.168,1.602c3.405,3.223,4.376,7.728,2.165,10.064c-2.211,2.336-6.765,1.619-10.171-1.603    C283.238,39.52,282.267,35.015,284.478,32.678z""/>
	&#x09;<path i:knockout=""Off"" fill=""none"" stroke=""#000000"" stroke-width=""0.5616"" d=""M291.639,84.333""/>
	&#x09;<path i:knockout=""Off"" fill=""none"" stroke=""#000000"" stroke-width=""0.5616"" d=""M273.391,65.019""/>
	&#x09;<path i:knockout=""Off"" fill=""none"" stroke=""#000000"" stroke-width=""0.5616"" d=""M258.737,51.205""/>
	&#x09;<path i:knockout=""Off"" fill=""#FFFFFF"" stroke=""#000000"" stroke-width=""0.8107"" d=""M274.291,68.676    c3.333-3.524,9.852-2.779,14.556,1.67c4.701,4.45,5.812,10.914,2.477,14.44c-3.337,3.526-9.854,2.777-14.556-1.671    C272.065,78.664,270.954,72.202,274.291,68.676z""/>
	&#x09;<path i:knockout=""Off"" fill=""none"" stroke=""#000000"" stroke-width=""0.8341"" d=""M249.364,43.172    c0.275,2.05,26.958,23.711,26.958,23.711""/>
	&#x09;<path i:knockout=""Off"" fill=""#CCCCCC"" stroke=""#000000"" stroke-width=""0.656"" d=""M275.584,69.754    c2.613-2.764,7.921-1.998,11.846,1.716c3.924,3.714,4.988,8.965,2.371,11.732c-2.617,2.766-7.923,1.997-11.848-1.716    C274.033,77.771,272.967,72.52,275.584,69.754z""/>
	&#x09;<path i:knockout=""Off"" fill=""none"" stroke=""#000000"" stroke-width=""0.8568"" d=""M250.366,39.622c0,0-5.909,2.344-0.018,9.769    l22.86,19.679""/>
	&#x09;<path i:knockout=""Off"" fill=""none"" stroke=""#000000"" stroke-width=""0.7387"" d=""M255.727,56.718l-2.89,2.994l-3.984-3.847    l2.89-2.994L255.727,56.718z""/>
	&#x09;<path i:knockout=""Off"" fill=""none"" stroke=""#000000"" stroke-width=""0.7387"" d=""M253.779,59.962l3.666-3.851""/>
	&#x09;<path i:knockout=""Off"" fill=""none"" stroke=""#000000"" stroke-width=""0.7387"" d=""M248.719,55.764l-0.253-3.328l2.532-2.316    l0.62,2.663""/>
	&#x09;<path i:knockout=""Off"" fill=""none"" stroke=""#000000"" stroke-width=""0.7387"" d=""M255.692,56.545l-0.589-2.982""/>
	&#x09;<g>
		&#x09;<g>
			&#x09;<g>
				&#x09;<path i:knockout=""Off"" fill=""#CCCCCC"" d=""M257.583,17.677l6.385-0.204c1.093,0.973,1.851,2.16,2.182,3.429l-6.808,0.049       L257.583,17.677z""/>
				&#x09;<path i:knockout=""Off"" fill=""#CCCCCC"" d=""M265.952,8.195c-0.396-1.435,1.001-2.744,0.853-4.139       c1.091,5.184,3.361,7.302,0.033,15.853C263.701,16.131,266.951,12.15,265.952,8.195z""/>
				&#x09;<path i:knockout=""Off"" fill=""#FFFFFF"" d=""M257.277,16.848l-0.306-0.208c-0.13-3.206-0.267-6.559,0.553-9.801l7.03-0.063       c0.652,3.252,0.296,6.76-0.342,10.116L257.277,16.848z""/>
				&#x09;<path i:knockout=""Off"" fill=""#CCCCCC"" d=""M258.035,6.117l1.235-3.234l6.808-0.049c-0.23,1.112-0.738,2.219-1.438,3.303       L258.035,6.117z""/>
			&#x09;</g>
			&#x09;<path i:knockout=""Off"" fill=""none"" d=""M265.939,3.39l-0.417,3.412""/>
		&#x09;</g>
		&#x09;<path i:knockout=""Off"" fill=""none"" stroke=""#000000"" stroke-width=""1.3064"" d=""M257.711,6.49h6.438""/>
		&#x09;<path i:knockout=""Off"" fill=""none"" stroke=""#000000"" stroke-width=""1.3064"" d=""M266.819,3.388l-1.698,3.291""/>
		&#x09;<path i:knockout=""Off"" fill=""none"" stroke=""#000000"" stroke-width=""1.3064"" d=""M265.268,7.149l-0.342,9.823""/>
		&#x09;<path i:knockout=""Off"" fill=""none"" stroke=""#000000"" stroke-width=""1.3064"" d=""M257.846,17.301l7.066-0.188""/>
		&#x09;<path i:knockout=""Off"" fill=""none"" stroke=""#000000"" stroke-width=""1.3064"" d=""M264.913,17.113l1.523,3.008""/>
		&#x09;<path i:knockout=""Off"" fill=""none"" stroke=""#000000"" stroke-width=""1.3064"" d=""M257.289,7.898l-0.328,8.51""/>
	&#x09;</g>
	&#x09;<path i:knockout=""Off"" fill=""#FFFFFF"" stroke=""#000000"" stroke-width=""0.5063"" d=""M65.066,5.284c0,0,0.576-4.467-5.692-4.179    h-6.268c0,0-12.013,8.358-1.946,23.417h47.844L54.042,12.993c0,0-2.809-5.331,3.171-11.312""/>
	&#x09;<path i:knockout=""Off"" fill=""#BFBFBF"" stroke=""#BFBFBF"" stroke-width=""0.6532"" d=""M70.669,14.577    c-0.184-2.566-0.512-5.089-0.083-7.566""/>
	&#x09;<g i:knockout=""On"" a:adobe-knockout=""true"">
		&#x09;<path i:knockout=""Off"" fill=""none"" stroke=""#000000"" stroke-width=""0.8578"" a:adobe-knockout=""false"" d=""M304.432,34.597     l33.056,0.119""/>
		&#x09;<path i:knockout=""Off"" fill=""#666666"" stroke=""#000000"" a:adobe-knockout=""false"" d=""M298.374,34.604l8.532-3.496l-2.022,3.488     l2.03,3.484L298.374,34.604z""/>
	&#x09;</g>
	&#x09;<switch i:knockout=""Off"" i:objectNS=""http://ns.adobe.com/Flows/1.0/"" i:objectType=""pointText"">
		&#x09;<foreignObject requiredExtensions=""http://ns.adobe.com/Flows/1.0/"" x=""0"" y=""0"" width=""1"" height=""1"" overflow=""visible"">
			&#x09;<flowDef xmlns=""http://ns.adobe.com/Flows/1.0/"">
				&#x09;<region>
					&#x09;<path d=""M341.244,38.118""/>
				&#x09;</region>
				&#x09;<flow xmlns=""http://ns.adobe.com/Flows/1.0/"" font-family=""'Verdana'"" font-size=""11"">
					&#x09;<p><span>3</span></p>
				&#x09;</flow>
			&#x09;</flowDef>
			&#x09;<x:targetRef xlink:href=""#XMLID_1_""/>
		&#x09;</foreignObject>
		&#x09;<text id=""XMLID_1_"" transform=""matrix(1 0 0 1 341.2437 38.1182)""><tspan x=""0"" y=""0"" font-family=""'Verdana'"" font-size=""11"">3</tspan></text>
	&#x09;</switch>
	&#x09;<g i:knockout=""On"" a:adobe-knockout=""true"">
		&#x09;<path i:knockout=""Off"" fill=""none"" stroke=""#000000"" stroke-width=""0.8578"" a:adobe-knockout=""false"" d=""M247.988,66.539     l-12.337,30.667""/>
		&#x09;<path i:knockout=""Off"" fill=""#666666"" stroke=""#000000"" a:adobe-knockout=""false"" d=""M250.222,60.907l0.092,9.22l-2.492-3.169     l-3.988,0.598L250.222,60.907z""/>
	&#x09;</g>
	&#x09;<switch i:knockout=""Off"" i:objectNS=""http://ns.adobe.com/Flows/1.0/"" i:objectType=""pointText"">
		&#x09;<foreignObject requiredExtensions=""http://ns.adobe.com/Flows/1.0/"" x=""0"" y=""0"" width=""1"" height=""1"" overflow=""visible"">
			&#x09;<flowDef xmlns=""http://ns.adobe.com/Flows/1.0/"">
				&#x09;<region>
					&#x09;<path d=""M232.217,106.578""/>
				&#x09;</region>
				&#x09;<flow xmlns=""http://ns.adobe.com/Flows/1.0/"" font-family=""'Verdana'"" font-size=""11"">
					&#x09;<p><span>2</span></p>
				&#x09;</flow>
			&#x09;</flowDef>
			&#x09;<x:targetRef xlink:href=""#XMLID_2_""/>
		&#x09;</foreignObject>
		&#x09;<text id=""XMLID_2_"" transform=""matrix(1 0 0 1 232.2173 106.5776)""><tspan x=""0"" y=""0"" font-family=""'Verdana'"" font-size=""11"">2</tspan></text>
	&#x09;</switch>
	&#x09;<g i:knockout=""On"" a:adobe-knockout=""true"">
		&#x09;<path i:knockout=""Off"" fill=""none"" stroke=""#000000"" stroke-width=""0.8578"" a:adobe-knockout=""false"" d=""M36.335,24.269     L23.999,54.936""/>
		&#x09;<path i:knockout=""Off"" fill=""#666666"" stroke=""#000000"" a:adobe-knockout=""false"" d=""M38.57,18.637l0.092,9.22l-2.492-3.169     l-3.988,0.598L38.57,18.637z""/>
	&#x09;</g>
	&#x09;<switch i:knockout=""Off"" i:objectNS=""http://ns.adobe.com/Flows/1.0/"" i:objectType=""pointText"">
		&#x09;<foreignObject requiredExtensions=""http://ns.adobe.com/Flows/1.0/"" x=""0"" y=""0"" width=""1"" height=""1"" overflow=""visible"">
			&#x09;<flowDef xmlns=""http://ns.adobe.com/Flows/1.0/"">
				&#x09;<region>
					&#x09;<path d=""M20.244,65.868""/>
				&#x09;</region>
				&#x09;<flow xmlns=""http://ns.adobe.com/Flows/1.0/"" font-family=""'Verdana'"" font-size=""11"">
					&#x09;<p><span>1</span></p>
				&#x09;</flow>
			&#x09;</flowDef>
			&#x09;<x:targetRef xlink:href=""#XMLID_3_""/>
		&#x09;</foreignObject>
		&#x09;<text id=""XMLID_3_"" transform=""matrix(1 0 0 1 20.2437 65.8682)""><tspan x=""0"" y=""0"" font-family=""'Verdana'"" font-size=""11"">1</tspan></text>
	&#x09;</switch>
	&#x09;<path i:knockout=""Off"" fill=""none"" stroke=""#CCCCCC"" stroke-width=""1.2026"" d=""M255.41,2.682l-0.145,18.894""/>
	&#x09;<path i:knockout=""Off"" fill=""none"" stroke=""#999999"" stroke-width=""1.2026"" d=""M254.389,2.498v19.183""/>
	&#x09;<path i:knockout=""Off"" fill=""none"" stroke=""#000000"" stroke-width=""1.2026"" d=""M256.083,2.554v19.183""/>
	&#x09;<g i:knockout=""On"" a:adobe-knockout=""true"">
		&#x09;<path i:knockout=""Off"" fill=""none"" stroke=""#000000"" stroke-width=""0.8578"" a:adobe-knockout=""false"" d=""M280.45,7.479     l33.056,0.119""/>
		&#x09;<path i:knockout=""Off"" fill=""#666666"" stroke=""#000000"" a:adobe-knockout=""false"" d=""M274.391,7.485l8.532-3.496l-2.022,3.488     l2.03,3.484L274.391,7.485z""/>
	&#x09;</g>
	&#x09;<switch i:knockout=""Off"" i:objectNS=""http://ns.adobe.com/Flows/1.0/"" i:objectType=""pointText"">
		&#x09;<foreignObject requiredExtensions=""http://ns.adobe.com/Flows/1.0/"" x=""0"" y=""0"" width=""1"" height=""1"" overflow=""visible"">
			&#x09;<flowDef xmlns=""http://ns.adobe.com/Flows/1.0/"">
				&#x09;<region>
					&#x09;<path d=""M317.261,11""/>
				&#x09;</region>
				&#x09;<flow xmlns=""http://ns.adobe.com/Flows/1.0/"" font-family=""'Verdana'"" font-size=""11"">
					&#x09;<p><span>4</span></p>
				&#x09;</flow>
			&#x09;</flowDef>
			&#x09;<x:targetRef xlink:href=""#XMLID_4_""/>
		&#x09;</foreignObject>
		&#x09;<text id=""XMLID_4_"" transform=""matrix(1 0 0 1 317.2612 11)""><tspan x=""0"" y=""0"" font-family=""'Verdana'"" font-size=""11"">4</tspan></text>
	&#x09;</switch>
&#x09;</g>&#x0A;</svg>";10/02/2004 13:06:11
6;"<!-- Generator: Adobe Illustrator 10.0, SVG Export Plug-In . SVG Version: 3.0.0 Build 76)  --><svg xmlns:x=""http://ns.adobe.com/Extensibility/1.0/"" xmlns:i=""http://ns.adobe.com/AdobeIllustrator/10.0/"" xmlns:graph=""http://ns.adobe.com/Graphs/1.0/"" xmlns=""http://www.w3.org/2000/svg"" xmlns:xlink=""http://www.w3.org/1999/xlink"" xmlns:a=""http://ns.adobe.com/AdobeSVGViewerExtensions/3.0/"" i:viewOrigin=""290.3467 425.0352"" i:rulerOrigin=""0 0"" i:pageBounds=""0 612 792 0"" width=""228.325"" height=""213.541"" viewBox=""0 0 228.325 213.541"" overflow=""visible"" enable-background=""new 0 0 228.325 213.541"" xml:space=""preserve"">
&#x09;<style type=""text/css"">
	
@font-face{font-family:'Verdana';src:url(""data:;base64,\
T1RUTwACACAAAQAAQ0ZGIM0VZuAAAAAsAAACZmNtYXD/1wBoAAAClAAAACwBAAQCAAEBAQhWZXJk\
YW5hAAEBATP4GwH4GAQl/DscC5McCAEFHqAASIKBJf+Lix6gAEiCgSX/i4sMB/cRD4wQ9xURk/jy\
EgABAQEwVmVyZGFuYSBpcyBhIHRyYWRlbWFyayBvZiBNaWNyb3NvZnQgQ29ycG9yYXRpb24AAAEA\
EgIABAIAAQAgAFIA2AHRIPeUFhwGABwGABz6AAcc+oD3FBUcBQAcBQAc+wAGDvrQFv269yz3yvp6\
+8r3HAa1uI+Sux+7kq+VpJiqnKOgnaWcpJWujrYI9y8c+sL3xAYOHASRFv6E92UG0cfRx9LH0cfM\
x8jG9xT3EOPuutQIutSj2eAa2HLIWLcetlhDoTAbTkqAdkQfRHZGakhfCIH3Zga6osuh2p4IntrX\
ldUb9y33C2ZC4h/iQbYn+xIaUoRXfVoefFp2XG9fcWJtYmhjaGNgX1laREVBRz9KP0lETklTCPm1\
Bg76ovlhFatupWegYAigYJVTRhpHf01yUh5yUmlaXmFZXFBpSHUIdEdBgDobODqVnzsfO55JoVii\
CPdlmgfEZs1s2HIIctjVf9IbtbiSmbofupmyoKimqqiirJquCJqukrjBGsCDuHquHnquc6Ztn22g\
Z5lgkwiSYF2PWhsx9zrRBvDcoLbIH8e1qcncGq+Dq3ymHnymdaFwnG6cbZdqkgiSamaOYhtMR4B0\
RB9EdEdrTGIIgfdlBrqiy6Hanwie2teV1RvUy4R+wh/Cfr11uG67a69kpF4IpF6XVk4aOG5DUU4e\
UE1GZDx7CH0Hq4awgLR6tHqudahyCA4cBRYUHAhrFQAAAAAAAQAAAAMAAAAMAAQAIAAAAAQABAAB\
AAAAM///AAAAMf///9AAAQAAAAA="")}
	
	</style>
&#x09;<metadata>
	&#x09;<variableSets xmlns=""http://ns.adobe.com/Variables/1.0/"">
		&#x09;<variableSet varSetName=""binding1"" locked=""none"">
			&#x09;<variables/>
			&#x09;<v:sampleDataSets xmlns=""http://ns.adobe.com/GenericCustomNamespace/1.0/"" xmlns:v=""http://ns.adobe.com/Variables/1.0/""/>
		&#x09;</variableSet>
	&#x09;</variableSets>
	&#x09;<sfw xmlns=""http://ns.adobe.com/SaveForWeb/1.0/"">
		&#x09;<slices/>
		&#x09;<sliceSourceBounds y=""211.494"" x=""290.347"" width=""228.325"" height=""213.541"" bottomLeftOrigin=""true""/>
	&#x09;</sfw>
&#x09;</metadata>
&#x09;<g id=""Layer_1"" i:layer=""yes"" i:dimmedPercent=""50"" i:rgbTrio=""#4F008000FFFF"">
	&#x09;<path i:knockout=""Off"" fill=""#FFFFFF"" stroke=""#000000"" d=""M102.375,125.862l-26.601,10.519c0,0-9.428,16.917,7.459,18.214    l26.845-9.904L102.375,125.862z""/>
	&#x09;<path i:knockout=""Off"" fill=""none"" stroke=""#000000"" d=""M65.686,52.794l31.304,63.191""/>
	&#x09;<path i:knockout=""Off"" fill=""none"" stroke=""#000000"" d=""M51.52,56.183l31.304,63.191""/>
	&#x09;<path i:knockout=""Off"" fill=""none"" stroke=""#000000"" d=""M31.26,20.349v17.467c0,0,6.411,7.517,27.416,2.874""/>
	&#x09;<path i:knockout=""Off"" fill=""none"" stroke=""#000000"" d=""M28.621,23.002v17.467c0,0,6.411,7.517,27.416,2.874""/>
	&#x09;<path i:knockout=""Off"" fill=""#FFFFFF"" stroke=""#000000"" d=""M38.289,30.962l0.221,16.14c0,0,12.382,8.401,19.678-0.221    l0.222-15.255L38.289,30.962z""/>
	&#x09;<linearGradient id=""XMLID_1_"" gradientUnits=""userSpaceOnUse"" x1=""41.9092"" y1=""41.3047"" x2=""53.208"" y2=""41.3047"">
		&#x09;<stop offset=""0"" style=""stop-color:#FFFFFF""/>
		&#x09;<stop offset=""0.3726"" style=""stop-color:#FDFDFD""/>
		&#x09;<stop offset=""0.5069"" style=""stop-color:#F6F6F6""/>
		&#x09;<stop offset=""0.6026"" style=""stop-color:#EBEBEB""/>
		&#x09;<stop offset=""0.68"" style=""stop-color:#DADADA""/>
		&#x09;<stop offset=""0.7463"" style=""stop-color:#C4C4C4""/>
		&#x09;<stop offset=""0.805"" style=""stop-color:#A8A8A8""/>
		&#x09;<stop offset=""0.8581"" style=""stop-color:#888888""/>
		&#x09;<stop offset=""0.9069"" style=""stop-color:#626262""/>
		&#x09;<stop offset=""0.9523"" style=""stop-color:#373737""/>
		&#x09;<stop offset=""0.9926"" style=""stop-color:#0E0E0E""/>
		&#x09;<stop offset=""1"" style=""stop-color:#000000""/>
		&#x09;<a:midPointStop offset=""0"" style=""stop-color:#FFFFFF""/>
		&#x09;<a:midPointStop offset=""0.87"" style=""stop-color:#FFFFFF""/>
		&#x09;<a:midPointStop offset=""1"" style=""stop-color:#000000""/>
	&#x09;</linearGradient>
	&#x09;<path i:knockout=""Off"" fill=""url(#XMLID_1_)"" stroke=""#000000"" d=""M50.433,46.169l-5.649,0.057l-2.874-4.864l2.775-4.921    l5.649-0.057l2.874,4.864L50.433,46.169z""/>
	&#x09;<path i:knockout=""Off"" fill=""none"" stroke=""#000000"" d=""M49.333,41.69c0,0.855-0.692,1.548-1.547,1.548s-1.548-0.693-1.548-1.548    c0-0.854,0.693-1.547,1.548-1.547S49.333,40.835,49.333,41.69z""/>
	&#x09;<path i:knockout=""Off"" fill=""none"" stroke=""#000000"" d=""M39.173,45.333c0,0,8.784,7.558,16.805,0.663l0.564-13.79""/>
	&#x09;<path i:knockout=""Off"" fill=""none"" stroke=""#000000"" d=""M63.212,31.625l-0.415,17.558l-11.905,3.721l0.232-2.306""/>
	&#x09;<path i:knockout=""Off"" fill=""none"" stroke=""#000000"" d=""M64.977,51.889l-13.498,4.244l-0.895-2.847l13.499-4.243L64.977,51.889z""/>
	&#x09;<g>
			
			&#x09;<radialGradient id=""XMLID_2_"" cx=""50.4644"" cy=""-45.9644"" r=""10.5827"" fx=""50.4644"" fy=""-45.9644"" gradientTransform=""matrix(0.7809 -0.1626 0.0877 0.4213 23.8987 84.2177)"" gradientUnits=""userSpaceOnUse"">
			&#x09;<stop offset=""0"" style=""stop-color:#FFFFFF""/>
			&#x09;<stop offset=""0.2063"" style=""stop-color:#FBFBFB""/>
			&#x09;<stop offset=""0.4024"" style=""stop-color:#F0F0F0""/>
			&#x09;<stop offset=""0.5945"" style=""stop-color:#DDDDDD""/>
			&#x09;<stop offset=""0.784"" style=""stop-color:#C2C2C2""/>
			&#x09;<stop offset=""0.9701"" style=""stop-color:#9F9F9F""/>
			&#x09;<stop offset=""1"" style=""stop-color:#999999""/>
			&#x09;<a:midPointStop offset=""0"" style=""stop-color:#FFFFFF""/>
			&#x09;<a:midPointStop offset=""0.7175"" style=""stop-color:#FFFFFF""/>
			&#x09;<a:midPointStop offset=""1"" style=""stop-color:#999999""/>
		&#x09;</radialGradient>
		&#x09;<path i:knockout=""Off"" fill=""url(#XMLID_2_)"" stroke=""#999999"" d=""M52.677,56.761l9.253-3.468c2.932-1.1,6.124-1.75,7.386-0.237     c1.258,1.514-1.351,2.242-4.283,3.342l-9.251,3.469c-2.933,1.099-5.079,2.153-6.337,0.638     C48.184,58.993,49.747,57.86,52.677,56.761z""/>
	&#x09;</g>
	&#x09;<g>
			
			&#x09;<radialGradient id=""XMLID_3_"" cx=""51.5933"" cy=""-36.3657"" r=""10.5826"" fx=""51.5933"" fy=""-36.3657"" gradientTransform=""matrix(0.7809 -0.1626 0.0877 0.4213 23.8987 84.2177)"" gradientUnits=""userSpaceOnUse"">
			&#x09;<stop offset=""0"" style=""stop-color:#FFFFFF""/>
			&#x09;<stop offset=""0.2063"" style=""stop-color:#FBFBFB""/>
			&#x09;<stop offset=""0.4024"" style=""stop-color:#F0F0F0""/>
			&#x09;<stop offset=""0.5945"" style=""stop-color:#DDDDDD""/>
			&#x09;<stop offset=""0.784"" style=""stop-color:#C2C2C2""/>
			&#x09;<stop offset=""0.9701"" style=""stop-color:#9F9F9F""/>
			&#x09;<stop offset=""1"" style=""stop-color:#999999""/>
			&#x09;<a:midPointStop offset=""0"" style=""stop-color:#FFFFFF""/>
			&#x09;<a:midPointStop offset=""0.7175"" style=""stop-color:#FFFFFF""/>
			&#x09;<a:midPointStop offset=""1"" style=""stop-color:#999999""/>
		&#x09;</radialGradient>
		&#x09;<path i:knockout=""Off"" fill=""url(#XMLID_3_)"" stroke=""#999999"" d=""M54.399,60.622l9.253-3.468c2.932-1.1,6.124-1.75,7.386-0.237     c1.258,1.514-1.351,2.242-4.283,3.342l-9.251,3.469c-2.933,1.099-5.079,2.153-6.337,0.638     C49.906,62.854,51.47,61.721,54.399,60.622z""/>
	&#x09;</g>
	&#x09;<g>
			
			&#x09;<radialGradient id=""XMLID_4_"" cx=""52.5566"" cy=""-27.2261"" r=""10.5834"" fx=""52.5566"" fy=""-27.2261"" gradientTransform=""matrix(0.7809 -0.1626 0.0877 0.4213 23.8987 84.2177)"" gradientUnits=""userSpaceOnUse"">
			&#x09;<stop offset=""0"" style=""stop-color:#FFFFFF""/>
			&#x09;<stop offset=""0.2063"" style=""stop-color:#FBFBFB""/>
			&#x09;<stop offset=""0.4024"" style=""stop-color:#F0F0F0""/>
			&#x09;<stop offset=""0.5945"" style=""stop-color:#DDDDDD""/>
			&#x09;<stop offset=""0.784"" style=""stop-color:#C2C2C2""/>
			&#x09;<stop offset=""0.9701"" style=""stop-color:#9F9F9F""/>
			&#x09;<stop offset=""1"" style=""stop-color:#999999""/>
			&#x09;<a:midPointStop offset=""0"" style=""stop-color:#FFFFFF""/>
			&#x09;<a:midPointStop offset=""0.7175"" style=""stop-color:#FFFFFF""/>
			&#x09;<a:midPointStop offset=""1"" style=""stop-color:#999999""/>
		&#x09;</radialGradient>
		&#x09;<path i:knockout=""Off"" fill=""url(#XMLID_4_)"" stroke=""#999999"" d=""M55.954,64.315l9.253-3.468c2.932-1.1,6.124-1.75,7.386-0.237     c1.258,1.514-1.351,2.242-4.283,3.342l-9.251,3.469c-2.933,1.099-5.079,2.153-6.337,0.638     C51.461,66.547,53.024,65.415,55.954,64.315z""/>
	&#x09;</g>
	&#x09;<g>
			
			&#x09;<radialGradient id=""XMLID_5_"" cx=""54.0015"" cy=""-17.8984"" r=""10.5827"" fx=""54.0015"" fy=""-17.8984"" gradientTransform=""matrix(0.7809 -0.1626 0.0877 0.4213 23.8987 84.2177)"" gradientUnits=""userSpaceOnUse"">
			&#x09;<stop offset=""0"" style=""stop-color:#FFFFFF""/>
			&#x09;<stop offset=""0.2063"" style=""stop-color:#FBFBFB""/>
			&#x09;<stop offset=""0.4024"" style=""stop-color:#F0F0F0""/>
			&#x09;<stop offset=""0.5945"" style=""stop-color:#DDDDDD""/>
			&#x09;<stop offset=""0.784"" style=""stop-color:#C2C2C2""/>
			&#x09;<stop offset=""0.9701"" style=""stop-color:#9F9F9F""/>
			&#x09;<stop offset=""1"" style=""stop-color:#999999""/>
			&#x09;<a:midPointStop offset=""0"" style=""stop-color:#FFFFFF""/>
			&#x09;<a:midPointStop offset=""0.7175"" style=""stop-color:#FFFFFF""/>
			&#x09;<a:midPointStop offset=""1"" style=""stop-color:#999999""/>
		&#x09;</radialGradient>
		&#x09;<path i:knockout=""Off"" fill=""url(#XMLID_5_)"" stroke=""#999999"" d=""M57.899,68.01l9.253-3.468c2.932-1.1,6.124-1.75,7.386-0.237     c1.258,1.514-1.351,2.242-4.283,3.342l-9.251,3.469c-2.933,1.099-5.079,2.153-6.337,0.638     C53.406,70.242,54.97,69.109,57.899,68.01z""/>
	&#x09;</g>
	&#x09;<g>
			
			&#x09;<radialGradient id=""XMLID_6_"" cx=""54.4395"" cy=""-8.5005"" r=""10.5827"" fx=""54.4395"" fy=""-8.5005"" gradientTransform=""matrix(0.7809 -0.1626 0.0877 0.4213 23.8987 84.2177)"" gradientUnits=""userSpaceOnUse"">
			&#x09;<stop offset=""0"" style=""stop-color:#FFFFFF""/>
			&#x09;<stop offset=""0.2063"" style=""stop-color:#FBFBFB""/>
			&#x09;<stop offset=""0.4024"" style=""stop-color:#F0F0F0""/>
			&#x09;<stop offset=""0.5945"" style=""stop-color:#DDDDDD""/>
			&#x09;<stop offset=""0.784"" style=""stop-color:#C2C2C2""/>
			&#x09;<stop offset=""0.9701"" style=""stop-color:#9F9F9F""/>
			&#x09;<stop offset=""1"" style=""stop-color:#999999""/>
			&#x09;<a:midPointStop offset=""0"" style=""stop-color:#FFFFFF""/>
			&#x09;<a:midPointStop offset=""0.7175"" style=""stop-color:#FFFFFF""/>
			&#x09;<a:midPointStop offset=""1"" style=""stop-color:#999999""/>
		&#x09;</radialGradient>
		&#x09;<path i:knockout=""Off"" fill=""url(#XMLID_6_)"" stroke=""#999999"" d=""M59.065,71.898l9.253-3.468c2.932-1.1,6.124-1.75,7.386-0.237     c1.258,1.514-1.351,2.242-4.283,3.342l-9.251,3.469c-2.933,1.099-5.079,2.153-6.337,0.638     C54.572,74.13,56.136,72.998,59.065,71.898z""/>
	&#x09;</g>
	&#x09;<g>
			
			&#x09;<radialGradient id=""XMLID_7_"" cx=""56.4072"" cy=""0.5669"" r=""10.5827"" fx=""56.4072"" fy=""0.5669"" gradientTransform=""matrix(0.7809 -0.1626 0.0877 0.4213 23.8987 84.2177)"" gradientUnits=""userSpaceOnUse"">
			&#x09;<stop offset=""0"" style=""stop-color:#FFFFFF""/>
			&#x09;<stop offset=""0.2063"" style=""stop-color:#FBFBFB""/>
			&#x09;<stop offset=""0.4024"" style=""stop-color:#F0F0F0""/>
			&#x09;<stop offset=""0.5945"" style=""stop-color:#DDDDDD""/>
			&#x09;<stop offset=""0.784"" style=""stop-color:#C2C2C2""/>
			&#x09;<stop offset=""0.9701"" style=""stop-color:#9F9F9F""/>
			&#x09;<stop offset=""1"" style=""stop-color:#999999""/>
			&#x09;<a:midPointStop offset=""0"" style=""stop-color:#FFFFFF""/>
			&#x09;<a:midPointStop offset=""0.7175"" style=""stop-color:#FFFFFF""/>
			&#x09;<a:midPointStop offset=""1"" style=""stop-color:#999999""/>
		&#x09;</radialGradient>
		&#x09;<path i:knockout=""Off"" fill=""url(#XMLID_7_)"" stroke=""#999999"" d=""M61.398,75.398l9.253-3.468c2.932-1.1,6.124-1.75,7.386-0.237     c1.258,1.514-1.351,2.242-4.283,3.342l-9.251,3.469c-2.933,1.099-5.079,2.154-6.337,0.638     C56.905,77.63,58.469,76.498,61.398,75.398z""/>
	&#x09;</g>
	&#x09;<radialGradient id=""XMLID_8_"" cx=""60.7959"" cy=""17.6226"" r=""44.2671"" fx=""60.7959"" fy=""17.6226"" gradientUnits=""userSpaceOnUse"">
		&#x09;<stop offset=""0"" style=""stop-color:#FFFFFF""/>
		&#x09;<stop offset=""0.448"" style=""stop-color:#FDFDFD""/>
		&#x09;<stop offset=""0.6093"" style=""stop-color:#F6F6F6""/>
		&#x09;<stop offset=""0.7243"" style=""stop-color:#EBEBEB""/>
		&#x09;<stop offset=""0.8173"" style=""stop-color:#DADADA""/>
		&#x09;<stop offset=""0.897"" style=""stop-color:#C4C4C4""/>
		&#x09;<stop offset=""0.9662"" style=""stop-color:#A9A9A9""/>
		&#x09;<stop offset=""1"" style=""stop-color:#999999""/>
		&#x09;<a:midPointStop offset=""0"" style=""stop-color:#FFFFFF""/>
		&#x09;<a:midPointStop offset=""0.87"" style=""stop-color:#FFFFFF""/>
		&#x09;<a:midPointStop offset=""1"" style=""stop-color:#999999""/>
	&#x09;</radialGradient>
	&#x09;<path i:knockout=""Off"" fill=""url(#XMLID_8_)"" stroke=""#000000"" d=""M0.58,11.689c0,0,3.224-12.327,13.086-11.189    c0,0,29.208,8.345,41.535,6.069s51.396-3.414,51.396-3.414s15.932-2.655,14.414,7.396L84.787,27.81    c0,0-36.224,15.362-55.189,0.758L0.58,11.689z""/>
	&#x09;<path i:knockout=""Off"" fill=""#FFFFFF"" stroke=""#000000"" d=""M103.471,124.442L76.869,134.96c0,0-9.427,16.917,7.46,18.213    l26.845-9.903L103.471,124.442z""/>
		
		&#x09;<linearGradient id=""XMLID_9_"" gradientUnits=""userSpaceOnUse"" x1=""98.917"" y1=""111.231"" x2=""110.2168"" y2=""111.231"" gradientTransform=""matrix(0.9357 -0.3529 0.3529 0.9357 -54.0522 76.4233)"">
		&#x09;<stop offset=""0"" style=""stop-color:#FFFFFF""/>
		&#x09;<stop offset=""0.3726"" style=""stop-color:#FDFDFD""/>
		&#x09;<stop offset=""0.5069"" style=""stop-color:#F6F6F6""/>
		&#x09;<stop offset=""0.6026"" style=""stop-color:#EBEBEB""/>
		&#x09;<stop offset=""0.68"" style=""stop-color:#DADADA""/>
		&#x09;<stop offset=""0.7463"" style=""stop-color:#C4C4C4""/>
		&#x09;<stop offset=""0.805"" style=""stop-color:#A8A8A8""/>
		&#x09;<stop offset=""0.8581"" style=""stop-color:#888888""/>
		&#x09;<stop offset=""0.9069"" style=""stop-color:#626262""/>
		&#x09;<stop offset=""0.9523"" style=""stop-color:#373737""/>
		&#x09;<stop offset=""0.9926"" style=""stop-color:#0E0E0E""/>
		&#x09;<stop offset=""1"" style=""stop-color:#000000""/>
		&#x09;<a:midPointStop offset=""0"" style=""stop-color:#FFFFFF""/>
		&#x09;<a:midPointStop offset=""0.87"" style=""stop-color:#FFFFFF""/>
		&#x09;<a:midPointStop offset=""1"" style=""stop-color:#000000""/>
	&#x09;</linearGradient>
	&#x09;<path i:knockout=""Off"" fill=""url(#XMLID_9_)"" stroke=""#000000"" d=""M87.452,147.139l-5.268,2.047l-4.405-3.538l0.86-5.584    l5.267-2.046l4.406,3.536L87.452,147.139z""/>
	&#x09;<path i:knockout=""Off"" fill=""none"" stroke=""#000000"" d=""M84.842,143.335c0.302,0.8-0.102,1.693-0.9,1.996    c-0.799,0.301-1.693-0.104-1.995-0.904c-0.301-0.799,0.104-1.691,0.903-1.993C83.648,142.132,84.541,142.536,84.842,143.335z""/>
	&#x09;<path i:knockout=""Off"" fill=""none"" stroke=""#000000"" d=""M84.585,129.234l0.963,2.289""/>
	&#x09;<path i:knockout=""Off"" fill=""none"" stroke=""#000000"" d=""M84.18,129.013l16.905-6.566""/>
	&#x09;<path i:knockout=""Off"" fill=""none"" stroke=""#000000"" d=""M100.933,122.138l1.153,2.458""/>
	&#x09;<path i:knockout=""Off"" fill=""none"" stroke=""#000000"" d=""M97.854,150.266l23.532,47.551""/>
	&#x09;<path i:knockout=""Off"" fill=""none"" stroke=""#000000"" d=""M110.854,145.766l20.862,41.92""/>
	&#x09;<path i:knockout=""Off"" fill=""none"" stroke=""#000000"" d=""M81.658,117.29l13.333-0.666""/>
	&#x09;<path i:knockout=""Off"" fill=""none"" stroke=""#000000"" d=""M127.658,185.957l-6.271,11.859""/>
	&#x09;<path i:knockout=""Off"" fill=""none"" stroke=""#000000"" d=""M114.325,150.624h114""/>
	&#x09;<path i:knockout=""Off"" fill=""none"" stroke=""#000000"" d=""M118.325,161.957h105.333""/>
	&#x09;<path i:knockout=""Off"" fill=""none"" stroke=""#000000"" d=""M102.325,159.29l-24,41.334""/>
	&#x09;<path i:knockout=""Off"" fill=""none"" stroke=""#000000"" d=""M107.658,171.956l-24,41.334""/>
	&#x09;<g i:knockout=""On"" a:adobe-knockout=""true"">
		&#x09;<path i:knockout=""Off"" fill=""none"" stroke=""#000000"" stroke-width=""0.8578"" a:adobe-knockout=""false"" d=""M73.883,161.968     l-12.337,30.667""/>
		&#x09;<path i:knockout=""Off"" fill=""#666666"" stroke=""#000000"" a:adobe-knockout=""false"" d=""M76.117,156.336l0.092,9.221l-2.492-3.17     l-3.988,0.598L76.117,156.336z""/>
	&#x09;</g>
	&#x09;<switch i:knockout=""Off"" i:objectNS=""http://ns.adobe.com/Flows/1.0/"" i:objectType=""pointText"">
		&#x09;<foreignObject requiredExtensions=""http://ns.adobe.com/Flows/1.0/"" x=""0"" y=""0"" width=""1"" height=""1"" overflow=""visible"">
			&#x09;<flowDef xmlns=""http://ns.adobe.com/Flows/1.0/"">
				&#x09;<region>
					&#x09;<path d=""M57.112,202.507""/>
				&#x09;</region>
				&#x09;<flow xmlns=""http://ns.adobe.com/Flows/1.0/"" font-family=""'Verdana'"" font-size=""11"">
					&#x09;<p><span>3</span></p>
				&#x09;</flow>
			&#x09;</flowDef>
			&#x09;<x:targetRef xlink:href=""#XMLID_10_""/>
		&#x09;</foreignObject>
		&#x09;<text id=""XMLID_10_"" transform=""matrix(1 0 0 1 57.1123 202.5068)""><tspan x=""0"" y=""0"" font-family=""'Verdana'"" font-size=""11"">3</tspan></text>
	&#x09;</switch>
	&#x09;<g i:knockout=""On"" a:adobe-knockout=""true"">
		&#x09;<path i:knockout=""Off"" fill=""none"" stroke=""#000000"" stroke-width=""0.8578"" a:adobe-knockout=""false"" d=""M41.204,57.686     L28.867,88.354""/>
		&#x09;<path i:knockout=""Off"" fill=""#666666"" stroke=""#000000"" a:adobe-knockout=""false"" d=""M43.438,52.055l0.092,9.22l-2.492-3.169     l-3.988,0.598L43.438,52.055z""/>
	&#x09;</g>
	&#x09;<switch i:knockout=""Off"" i:objectNS=""http://ns.adobe.com/Flows/1.0/"" i:objectType=""pointText"">
		&#x09;<foreignObject requiredExtensions=""http://ns.adobe.com/Flows/1.0/"" x=""0"" y=""0"" width=""1"" height=""1"" overflow=""visible"">
			&#x09;<flowDef xmlns=""http://ns.adobe.com/Flows/1.0/"">
				&#x09;<region>
					&#x09;<path d=""M25.434,97.725""/>
				&#x09;</region>
				&#x09;<flow xmlns=""http://ns.adobe.com/Flows/1.0/"" font-family=""'Verdana'"" font-size=""11"">
					&#x09;<p><span>1</span></p>
				&#x09;</flow>
			&#x09;</flowDef>
			&#x09;<x:targetRef xlink:href=""#XMLID_11_""/>
		&#x09;</foreignObject>
		&#x09;<text id=""XMLID_11_"" transform=""matrix(1 0 0 1 25.4336 97.7246)""><tspan x=""0"" y=""0"" font-family=""'Verdana'"" font-size=""11"">1</tspan></text>
	&#x09;</switch>
	&#x09;<g i:knockout=""On"" a:adobe-knockout=""true"">
		&#x09;<path i:knockout=""Off"" fill=""none"" stroke=""#000000"" stroke-width=""0.8578"" a:adobe-knockout=""false"" d=""M108.257,116.865     l33.056,0.119""/>
		&#x09;<path i:knockout=""Off"" fill=""#666666"" stroke=""#000000"" a:adobe-knockout=""false"" d=""M102.198,116.872l8.532-3.495l-2.022,3.488     l2.03,3.484L102.198,116.872z""/>
	&#x09;</g>
	&#x09;<switch i:knockout=""Off"" i:objectNS=""http://ns.adobe.com/Flows/1.0/"" i:objectType=""pointText"">
		&#x09;<foreignObject requiredExtensions=""http://ns.adobe.com/Flows/1.0/"" x=""0"" y=""0"" width=""1"" height=""1"" overflow=""visible"">
			&#x09;<flowDef xmlns=""http://ns.adobe.com/Flows/1.0/"">
				&#x09;<region>
					&#x09;<path d=""M143.318,120.387""/>
				&#x09;</region>
				&#x09;<flow xmlns=""http://ns.adobe.com/Flows/1.0/"" font-family=""'Verdana'"" font-size=""11"">
					&#x09;<p><span>2</span></p>
				&#x09;</flow>
			&#x09;</flowDef>
			&#x09;<x:targetRef xlink:href=""#XMLID_12_""/>
		&#x09;</foreignObject>
		&#x09;<text id=""XMLID_12_"" transform=""matrix(1 0 0 1 143.3184 120.3867)""><tspan x=""0"" y=""0"" font-family=""'Verdana'"" font-size=""11"">2</tspan></text>
	&#x09;</switch>
&#x09;</g>&#x0A;</svg>";10/02/2004 13:06:12
7;"<!-- Generator: Adobe Illustrator 10.0, SVG Export Plug-In . SVG Version: 3.0.0 Build 76)  --><svg xmlns:x=""http://ns.adobe.com/Extensibility/1.0/"" xmlns:i=""http://ns.adobe.com/AdobeIllustrator/10.0/"" xmlns:graph=""http://ns.adobe.com/Graphs/1.0/"" xmlns=""http://www.w3.org/2000/svg"" xmlns:xlink=""http://www.w3.org/1999/xlink"" xmlns:a=""http://ns.adobe.com/AdobeSVGViewerExtensions/3.0/"" i:viewOrigin=""236.2896 395.6816"" i:rulerOrigin=""0 0"" i:pageBounds=""0 612 792 0"" width=""251.068"" height=""167.07"" viewBox=""0 0 251.068 167.07"" overflow=""visible"" enable-background=""new 0 0 251.068 167.07"" xml:space=""preserve"">
&#x09;<style type=""text/css"">
	
@font-face{font-family:'Verdana';src:url(""data:;base64,\
T1RUTwACACAAAQAAQ0ZGILX8ZywAAAAsAAADCWNtYXABCwGHAAADOAAAAEwBAAQCAAEBAQhWZXJk\
YW5hAAEBATP4GwH4GAQl/DscC5McCAEFHqAASIKBJf+Lix6gAEiCgSX/i4sMB/cRD4wQ9x4RkvmW\
EgABAQEwVmVyZGFuYSBpcyBhIHRyYWRlbWFyayBvZiBNaWNyb3NvZnQgQ29ycG9yYXRpb24AAAAA\
IwAvAE0AUABVAFYABwIAAQAhAPwBIwEvAa4CDwJm+U73lBYcBgAcBgAc+gAHHPqA9xQVHAUAHAUA\
HPsABg7BHAUr+F4VQX1Kb1Ieb1JlXVxmU19ObEh4CHhINYIkG/ykHAXR+E0G9wHch4PBH8GDv3q8\
csJusmekXgikXpdVTBpEeU9nWh5nWVtjT20IgwfwdtpfxUgIxUeoNSQa++H5MxWvhal/pB5/pHif\
cJpsnWWWXpAIj15UjUkb+4D8QveUBsm8jpKwH7CRrZiqn6qfoqWYqwiYqpGxthr3E/07FceCu3mu\
HnmuaqlcpGucZJZekAiQXVONShv7y/y+95oG4tKQlMIfwpS5m66jsKWnqZysCJyslLbAGg73ShwF\
OBb7iQb9VhwFNAUc+sz7TRwF0ffHB/kYHPtABRwEwPdNBw74Cxb7UBwGFPdQBg4gHARx+MIV+0pc\
+yQuIh4iLvsRVvsxG/sy+xHA9C4fLvRc9yT3Shr3Srr3JOj1HvTo9xHA9zIb9zH3EVYi6B/oIbr7\
JPtKGvtWFvclb/ZS0h7RUj2uJhslPGhFUx9SRG8g+yUa+yCnIcRDHkLE2mfwG+/ar9PEH8TSp/b3\
IRoO/LP5kZUVaIJkg2KFCIVhZohqG/sGNKrIUB9QyG3u9xsa+Ob7E/cy9xP31fdQ+9X4GPsy/Bj8\
kQdQjF6Oah6OapRsm26acJ94pX8IfqSyhcAbqquQlKwfrJSjkpqRCJUGDlX66xb7UPcQBkxZTmVR\
cAhwUUt+RRv7CS+v00ofStJq9PcfGvlp91D9EAdSjluQYx6QYpdpnG6dbqJ1qH4Ifqi0hMIbvMCY\
pMUfxKTBrL2yCPnW91AHDvjGFBwFRhUAAAAAAAABAAAAAwAAAAwABABAAAAADAAIAAIABABCAE4A\
bABvAHX//wAAAEIATgBsAG8AdP///7//tP+X/5X/kQABAAAAAAAAAAAAAAAA"")}
	
	</style>
&#x09;<metadata>
	&#x09;<variableSets xmlns=""http://ns.adobe.com/Variables/1.0/"">
		&#x09;<variableSet varSetName=""binding1"" locked=""none"">
			&#x09;<variables/>
			&#x09;<v:sampleDataSets xmlns=""http://ns.adobe.com/GenericCustomNamespace/1.0/"" xmlns:v=""http://ns.adobe.com/Variables/1.0/""/>
		&#x09;</variableSet>
	&#x09;</variableSets>
	&#x09;<sfw xmlns=""http://ns.adobe.com/SaveForWeb/1.0/"">
		&#x09;<slices/>
		&#x09;<sliceSourceBounds y=""228.611"" x=""236.29"" width=""251.068"" height=""167.07"" bottomLeftOrigin=""true""/>
	&#x09;</sfw>
&#x09;</metadata>
&#x09;<g id=""Layer_1"" i:layer=""yes"" i:dimmedPercent=""50"" i:rgbTrio=""#4F008000FFFF"">
	&#x09;<path i:knockout=""Off"" fill=""none"" stroke=""#000000"" d=""M0.217,115.838c0,0,154.413,76.47,246.323-64.706""/>
	&#x09;<path i:knockout=""Off"" fill=""#FFFFFF"" stroke=""#000000"" d=""M36.344,133.335l3.842,1.006l1.373-4.117l-0.823-1.006l-0.366-2.287    l-0.823-0.274l-1.098,1.83l-1.098,0.365L36.344,133.335z""/>
	&#x09;<path i:knockout=""Off"" fill=""none"" stroke=""#000000"" d=""M2.176,120.944c0,0,154.413,76.47,246.323-64.706""/>
	&#x09;<path i:knockout=""Off"" fill=""none"" stroke=""#000000"" d=""M4.333,131.075c0,0,154.413,76.47,246.324-64.706""/>
	&#x09;<path i:knockout=""Off"" fill=""#FFFFFF"" stroke=""#000000"" d=""M74.572,139.972l3.936,0.529l0.859-4.254l-0.939-0.897l-0.643-2.226    l-0.851-0.172l-0.866,1.95l-1.045,0.497L74.572,139.972z""/>
	&#x09;<path i:knockout=""Off"" fill=""#FFFFFF"" stroke=""#000000"" d=""M108.762,140.803l3.957-0.349l-0.095-4.338l-1.114-0.669l-1.115-2.031    l-0.868,0.019l-0.417,2.094l-0.911,0.714L108.762,140.803z""/>
	&#x09;<path i:knockout=""Off"" fill=""#FFFFFF"" stroke=""#000000"" d=""M143.044,135.306l3.853-0.965l-0.776-4.27l-1.205-0.486l-1.42-1.829    l-0.854,0.155l-0.083,2.133l-0.788,0.848L143.044,135.306z""/>
	&#x09;<path i:knockout=""Off"" fill=""#FFFFFF"" stroke=""#000000"" d=""M181.392,119.96l3.461-1.95l-1.879-3.912l-1.29-0.15l-1.854-1.388    l-0.781,0.375l0.483,2.078l-0.534,1.026L181.392,119.96z""/>
	&#x09;<path i:knockout=""Off"" fill=""#FFFFFF"" stroke=""#000000"" d=""M207.173,102.508l2.994-2.609l-2.629-3.452l-1.295,0.113l-2.096-0.985    l-0.691,0.525l0.895,1.938l-0.316,1.113L207.173,102.508z""/>
	&#x09;<path i:knockout=""Off"" fill=""none"" stroke=""#000000"" d=""M77.435,132.952""/>
	&#x09;<path i:knockout=""Off"" fill=""none"" stroke=""#000000"" d=""M91.16-12.581""/>
	&#x09;<path i:knockout=""Off"" fill=""none"" stroke=""#000000"" d=""M110.852,113.388""/>
	&#x09;<path i:knockout=""Off"" fill=""none"" stroke=""#000000"" d=""M40.12,126.931L49.53,14.648""/>
	&#x09;<path i:knockout=""Off"" fill=""none"" stroke=""#000000"" d=""M77.435,132.952L60.986,34.104""/>
	&#x09;<path i:knockout=""Off"" fill=""none"" stroke=""#000000"" d=""M110.144,133.416L146.585,0.132""/>
	&#x09;<path i:knockout=""Off"" fill=""none"" stroke=""#000000"" d=""M179.33,112.56L103.5,25.894""/>
	&#x09;<path i:knockout=""Off"" fill=""none"" stroke=""#000000"" d=""M203.707,95.85L98.504,9.424""/>
	&#x09;<path i:knockout=""Off"" fill=""#CCCCCC"" stroke=""#000000"" d=""M179.207,105.283c0.533,1.915-0.588,3.9-2.502,4.434l-66.209,18.434    c-1.916,0.534-3.9-0.585-4.434-2.501l-6.133-22.028c-0.534-1.915,0.587-3.9,2.502-4.434l66.209-18.436    c1.915-0.533,3.9,0.587,4.434,2.503L179.207,105.283z""/>
	&#x09;<path i:knockout=""Off"" fill=""#CCCCCC"" stroke=""#000000"" stroke-width=""0.1775"" d=""M147.621,106.186    c0.115,0.413-0.019,0.811-0.299,0.888l-9.68,2.694c-0.28,0.079-0.6-0.192-0.715-0.604l-1.321-4.746    c-0.115-0.413,0.019-0.811,0.299-0.889l9.68-2.695c0.28-0.078,0.6,0.193,0.715,0.605L147.621,106.186z""/>
	&#x09;<path i:knockout=""Off"" fill=""#CCCCCC"" stroke=""#000000"" stroke-width=""0.1775"" d=""M148.435,106.261    c0.115,0.413-0.019,0.811-0.299,0.888l-9.68,2.694c-0.28,0.079-0.6-0.192-0.715-0.604l-1.321-4.746    c-0.115-0.413,0.019-0.811,0.299-0.889l9.68-2.695c0.28-0.078,0.6,0.193,0.715,0.605L148.435,106.261z""/>
	&#x09;<path i:knockout=""Off"" fill=""none"" stroke=""#000000"" d=""M143.246,127.756l6.209-105.442""/>
	&#x09;<path i:knockout=""Off"" fill=""#FFFFFF"" stroke=""#000000"" d=""M144.251,105.641c0,1.126-1.026,2.038-2.293,2.038    s-2.293-0.912-2.293-2.038s1.026-2.038,2.293-2.038S144.251,104.515,144.251,105.641z""/>
	&#x09;<path i:knockout=""Off"" fill=""none"" stroke=""#000000"" stroke-width=""0.3"" d=""M110.679,74.957l17.081,16.446""/>
	&#x09;<g>
		&#x09;<path i:knockout=""Off"" fill=""none"" stroke=""#000000"" stroke-width=""0.3824"" d=""M184.201,146.345l7.049,6.07""/>
		&#x09;<path i:knockout=""Off"" fill=""none"" stroke=""#000000"" stroke-width=""0.3824"" d=""M182.411,146.15l6.786,7.688""/>
		&#x09;<path i:knockout=""Off"" fill=""none"" stroke=""#000000"" stroke-width=""0.3824"" d=""M188.085,152.55l1.908,0.151""/>
		&#x09;<path i:knockout=""Off"" fill=""none"" stroke=""#000000"" stroke-width=""0.3824"" d=""M187,151.394l3.158,0.137""/>
		&#x09;<path i:knockout=""Off"" fill=""none"" stroke=""#000000"" stroke-width=""0.3824"" d=""M185.857,150.023l2.793,0.123""/>
		&#x09;<path i:knockout=""Off"" fill=""none"" stroke=""#000000"" stroke-width=""0.3824"" d=""M184.97,148.946l2.294-0.04""/>
		&#x09;<path i:knockout=""Off"" fill=""none"" stroke=""#000000"" stroke-width=""0.3824"" d=""M184.093,148.068l2.069,0.09""/>
		&#x09;<path i:knockout=""Off"" fill=""none"" stroke=""#000000"" stroke-width=""0.3824"" d=""M183.464,147.344l2,0.117""/>
		&#x09;<path i:knockout=""Off"" fill=""none"" stroke=""#000000"" stroke-width=""0.3824"" d=""M183,146.717l1.842,0.119""/>
		&#x09;<path i:knockout=""Off"" fill=""none"" stroke=""#000000"" stroke-width=""0.3824"" d=""M182.466,146.256l1.884,0.08""/>
		&#x09;<path i:knockout=""Off"" fill=""#FFFFFF"" stroke=""#000000"" stroke-width=""0.1967"" d=""M193.003,153.213     c0.197,0.761-0.729,1.66-2.068,2.007s-2.585,0.01-2.782-0.752c-0.198-0.762,0.728-1.661,2.067-2.008     S192.805,152.45,193.003,153.213z""/>
		&#x09;<path i:knockout=""Off"" fill=""#FFFFFF"" stroke=""#000000"" stroke-width=""0.1967"" d=""M190.184,153.204c0,0,1.675,0.767,1.21,1.79""/>
		&#x09;<path i:knockout=""Off"" fill=""none"" stroke=""#000000"" stroke-width=""0.1967"" d=""M189.759,154.439l2.469-1.235""/>
	&#x09;</g>
	&#x09;<g>
		&#x09;<path i:knockout=""Off"" fill=""none"" stroke=""#000000"" stroke-width=""0.2237"" d=""M109.377,72.649h-5.437v-5.618h5.437V72.649z""/>
		&#x09;<path i:knockout=""Off"" fill=""#FFFFFF"" stroke=""#000000"" stroke-width=""0.2237"" d=""M110.103,73.556h-5.437v-5.618h5.437V73.556z""/>
		&#x09;<path i:knockout=""Off"" fill=""#FFFFFF"" stroke=""#000000"" stroke-width=""0.2237"" d=""M108.472,70.747     c0,0.651-0.568,1.178-1.269,1.178c-0.701,0-1.269-0.527-1.269-1.178c0-0.651,0.567-1.178,1.269-1.178     C107.904,69.569,108.472,70.096,108.472,70.747z""/>
	&#x09;</g>
	&#x09;<path i:knockout=""Off"" fill=""none"" stroke=""#000000"" stroke-width=""0.3"" d=""M140.206,104.584l41.359,39.819""/>
	&#x09;<switch i:knockout=""Off"" i:objectNS=""http://ns.adobe.com/Flows/1.0/"" i:objectType=""pointText"">
		&#x09;<foreignObject requiredExtensions=""http://ns.adobe.com/Flows/1.0/"" x=""0"" y=""0"" width=""1"" height=""1"" overflow=""visible"">
			&#x09;<flowDef xmlns=""http://ns.adobe.com/Flows/1.0/"">
				&#x09;<region>
					&#x09;<path d=""M188.168,164.798""/>
				&#x09;</region>
				&#x09;<flow xmlns=""http://ns.adobe.com/Flows/1.0/"" font-family=""'Verdana'"" font-size=""11"">
					&#x09;<p><span>Bolt</span></p>
				&#x09;</flow>
			&#x09;</flowDef>
			&#x09;<x:targetRef xlink:href=""#XMLID_1_""/>
		&#x09;</foreignObject>
		&#x09;<text id=""XMLID_1_"" transform=""matrix(1 0 0 1 188.1685 164.7979)""><tspan x=""0"" y=""0"" font-family=""'Verdana'"" font-size=""11"">Bolt</tspan></text>
	&#x09;</switch>
	&#x09;<switch i:knockout=""Off"" i:objectNS=""http://ns.adobe.com/Flows/1.0/"" i:objectType=""pointText"">
		&#x09;<foreignObject requiredExtensions=""http://ns.adobe.com/Flows/1.0/"" x=""0"" y=""0"" width=""1"" height=""1"" overflow=""visible"">
			&#x09;<flowDef xmlns=""http://ns.adobe.com/Flows/1.0/"">
				&#x09;<region>
					&#x09;<path d=""M85.164,59.655""/>
				&#x09;</region>
				&#x09;<flow xmlns=""http://ns.adobe.com/Flows/1.0/"" font-family=""'Verdana'"" font-size=""11"">
					&#x09;<p><span>Nut</span></p>
				&#x09;</flow>
			&#x09;</flowDef>
			&#x09;<x:targetRef xlink:href=""#XMLID_2_""/>
		&#x09;</foreignObject>
		&#x09;<text id=""XMLID_2_"" transform=""matrix(1 0 0 1 85.1636 59.6553)""><tspan x=""0"" y=""0"" font-family=""'Verdana'"" font-size=""11"">Nut</tspan></text>
	&#x09;</switch>
&#x09;</g>&#x0A;</svg>";10/02/2004 13:06:12
